sensor_1,sensor_2,sensor_3,ts1,ts2,ts3,fs1,fs2,fs3
False,False,True,07:47:25,12:47:50,21:38:38,2024-09-03,2024-10-04,2024-03-19
True,False,True,17:03:20,05:05:55,01:14:37,2024-10-17,2024-07-02,2024-12-23
True,False,True,01:32:30,16:03:05,03:33:54,2024-05-19,2024-10-08,2024-10-25
False,False,False,09:00:50,23:55:48,03:11:14,2024-08-18,2024-11-28,2024-12-20
False,False,True,00:43:51,21:17:32,01:50:46,2024-08-11,2024-02-20,2024-08-26
True,True,False,15:33:54,01:45:26,11:03:25,2024-06-07,2024-10-06,2024-07-18
True,False,False,08:39:27,01:37:08,20:57:37,2024-04-12,2024-05-19,2024-05-04
False,True,True,12:01:18,17:29:14,17:52:32,2024-06-01,2024-10-15,2024-09-04
False,False,False,05:23:29,13:52:37,09:40:08,2024-04-10,2024-09-19,2024-06-30
True,False,True,16:51:41,01:08:52,04:44:15,2024-01-31,2024-09-12,2024-01-28
False,False,True,06:57:35,09:17:07,09:22:18,2024-10-13,2024-06-13,2024-07-21
True,True,True,03:04:11,09:15:54,08:34:10,2024-03-14,2024-12-01,2024-09-27
True,False,True,19:52:02,12:45:20,05:43:26,2024-10-21,2024-11-27,2024-09-02
True,True,False,03:40:13,18:39:28,08:31:41,2024-12-31,2024-03-09,2024-01-30
False,True,False,07:58:03,06:21:07,01:00:14,2024-04-22,2024-08-27,2024-05-23
True,False,False,18:17:10,11:24:55,16:59:18,2024-10-20,2024-02-23,2024-08-28
False,False,True,10:09:56,05:52:47,22:45:11,2024-06-10,2024-07-14,2024-07-22
True,False,True,20:57:49,18:20:32,10:42:55,2024-05-31,2024-09-27,2024-02-17
False,True,True,09:42:27,21:33:26,00:34:46,2024-08-04,2024-02-23,2024-08-08
True,True,False,07:25:07,09:45:54,20:44:33,2024-05-18,2024-05-15,2024-12-25
True,True,False,21:33:27,13:12:05,21:32:04,2024-06-17,2024-04-21,2024-03-31
True,True,False,10:40:04,05:37:01,23:31:27,2024-03-09,2024-02-21,2024-01-12
False,True,True,02:01:52,03:58:42,10:58:58,2024-08-28,2024-01-11,2024-05-10
False,True,True,20:57:57,09:00:02,20:10:08,2024-05-15,2024-07-23,2024-12-11
True,True,False,22:33:51,21:15:48,02:48:09,2024-02-15,2024-12-14,2024-06-18
True,False,False,17:06:40,00:22:51,22:25:46,2024-07-13,2024-02-16,2024-01-14
True,True,False,08:49:05,18:11:31,20:48:41,2024-11-27,2024-03-14,2024-04-08
True,True,False,21:43:05,15:16:22,09:16:07,2024-05-25,2024-06-06,2024-10-18
False,False,False,10:26:48,13:44:55,21:46:51,2024-04-15,2024-10-10,2024-10-26
False,True,True,08:26:07,01:24:26,22:05:02,2024-09-29,2024-01-25,2024-06-18
False,True,False,07:28:05,07:44:52,21:02:10,2024-07-17,2024-05-01,2024-04-28
True,False,True,10:09:26,04:30:49,17:46:19,2024-05-22,2024-10-20,2024-06-28
True,False,False,19:02:39,02:36:18,12:16:07,2024-12-29,2024-04-27,2024-09-24
True,False,True,07:59:44,01:17:55,04:01:45,2024-11-18,2024-07-16,2024-06-07
False,False,True,03:47:18,15:53:35,08:08:38,2024-07-15,2024-05-24,2024-03-11
False,False,False,10:23:25,21:19:54,05:03:41,2024-11-27,2024-04-23,2024-03-20
True,False,False,06:12:49,18:50:00,14:23:51,2024-11-30,2024-08-21,2024-10-02
False,True,False,12:21:26,11:38:41,11:43:46,2024-06-07,2024-05-09,2024-12-26
True,False,False,19:07:56,03:28:19,02:25:46,2024-11-17,2024-02-23,2024-07-10
True,False,True,11:36:11,02:16:29,03:49:21,2024-04-02,2024-07-23,2024-09-27
True,False,False,20:58:14,10:52:07,17:29:25,2024-12-02,2024-09-14,2024-01-29
True,False,True,03:25:19,08:14:02,09:46:04,2024-09-02,2024-12-19,2024-08-08
True,True,False,19:51:28,06:58:58,13:01:47,2024-12-16,2024-11-25,2024-05-27
True,True,True,05:51:35,16:34:36,03:59:05,2024-07-05,2024-07-14,2024-11-25
False,False,True,18:43:06,10:22:37,05:47:27,2024-02-19,2024-06-18,2024-01-14
True,True,False,22:30:57,06:30:10,12:20:49,2024-01-08,2024-11-10,2024-06-02
True,True,False,01:45:43,07:12:52,09:11:23,2024-11-21,2024-05-17,2024-01-13
True,False,False,12:37:21,07:51:57,23:48:34,2024-07-08,2024-08-28,2024-02-06
True,True,False,23:23:33,11:20:20,21:34:43,2024-10-14,2024-04-07,2024-04-11
True,True,True,14:18:43,02:33:43,10:08:46,2024-05-02,2024-08-31,2024-08-03
True,False,True,13:37:08,14:06:10,00:24:05,2024-04-19,2024-03-21,2024-08-13
False,True,False,01:49:44,21:46:18,20:36:27,2024-07-12,2024-09-03,2024-04-20
True,True,True,00:31:33,14:12:24,17:36:02,2024-05-22,2024-07-13,2024-10-30
True,True,False,13:26:45,17:30:37,13:56:02,2024-11-12,2024-06-05,2024-06-15
True,False,True,10:03:48,01:01:18,21:25:39,2024-12-02,2024-07-03,2024-02-06
True,False,False,06:15:21,10:41:17,00:09:18,2024-12-17,2024-04-02,2024-03-10
False,False,False,08:01:29,12:08:01,14:34:06,2024-04-09,2024-06-30,2024-06-10
False,False,False,07:24:42,17:13:39,08:55:59,2024-06-01,2024-10-18,2024-10-08
True,True,False,22:21:58,08:25:59,01:09:40,2024-03-09,2024-04-15,2024-05-01
True,True,True,23:29:11,08:40:54,01:45:59,2024-08-07,2024-03-23,2024-05-17
False,False,False,23:24:10,23:28:01,00:20:19,2024-08-27,2024-03-17,2024-07-05
False,True,False,06:20:10,05:37:02,11:13:53,2024-05-13,2024-06-20,2024-06-15
True,True,False,17:09:55,08:43:08,21:31:28,2024-04-15,2024-05-05,2024-08-15
True,False,True,03:04:32,15:19:08,07:43:43,2024-12-20,2024-08-01,2024-02-25
True,False,True,15:58:44,16:58:21,06:23:00,2024-01-12,2024-04-10,2024-11-04
True,False,False,05:40:13,20:28:31,15:20:12,2024-11-19,2024-02-13,2024-11-25
True,True,True,06:30:03,08:52:47,01:40:24,2024-08-05,2024-01-31,2024-11-22
True,False,True,05:43:38,19:01:25,21:05:16,2024-06-22,2024-08-17,2024-07-07
True,True,False,19:46:06,18:42:19,05:38:30,2024-03-13,2024-10-05,2024-01-21
True,True,True,03:22:15,01:53:34,01:19:41,2024-05-29,2024-07-16,2024-11-09
False,False,False,06:04:35,10:21:30,10:36:00,2024-03-02,2024-06-16,2024-12-06
True,True,False,01:04:40,10:47:57,06:23:14,2024-10-03,2024-04-28,2024-08-31
True,True,True,09:35:14,18:42:20,20:45:15,2024-01-19,2024-08-22,2024-09-28
False,False,False,15:02:57,11:19:31,19:26:17,2024-03-12,2024-04-06,2024-04-02
True,True,True,00:14:34,14:46:30,12:33:55,2024-12-14,2024-09-09,2024-03-10
True,False,False,08:34:13,14:17:02,14:41:52,2024-02-16,2024-03-31,2024-10-05
False,False,False,01:55:08,04:41:17,14:47:00,2024-12-26,2024-04-30,2024-11-02
False,False,False,07:08:43,01:24:38,14:51:44,2024-08-25,2024-08-02,2024-11-28
True,False,True,16:53:43,15:06:27,14:08:53,2024-05-02,2024-12-06,2024-11-05
True,True,True,09:31:04,07:17:01,13:40:17,2024-03-04,2024-03-13,2024-04-30
True,True,True,02:00:56,18:02:17,13:53:13,2024-01-14,2024-12-21,2024-11-03
False,False,True,14:50:42,13:49:35,11:09:44,2024-02-22,2024-03-07,2024-01-18
True,False,False,21:57:58,00:57:09,19:03:33,2024-03-25,2024-02-02,2024-06-19
False,True,False,03:27:52,23:59:53,21:43:42,2024-04-30,2024-03-18,2024-04-25
True,True,True,17:22:17,07:18:53,03:07:52,2024-06-03,2024-01-03,2024-04-28
True,True,True,01:41:51,14:58:23,16:59:53,2024-04-08,2024-10-19,2024-06-16
True,False,False,19:45:58,11:55:23,12:58:12,2024-06-17,2024-08-06,2024-07-25
False,True,True,04:28:25,23:53:47,11:25:31,2024-05-26,2024-05-19,2024-02-05
True,False,False,19:01:59,03:33:28,13:49:30,2024-04-22,2024-11-27,2024-06-22
True,True,False,21:37:35,12:08:56,01:10:01,2024-11-30,2024-06-15,2024-10-29
True,False,False,05:45:32,21:58:35,18:46:28,2024-10-18,2024-09-04,2024-08-18
False,True,False,14:56:07,23:01:05,05:28:49,2024-07-08,2024-05-12,2024-01-26
False,True,False,01:21:50,07:27:25,12:53:48,2024-03-28,2024-11-21,2024-01-23
False,False,True,00:14:22,22:34:22,08:07:54,2024-09-03,2024-10-26,2024-05-10
False,False,True,19:58:14,03:04:40,19:14:17,2024-08-28,2024-06-23,2024-01-27
True,False,False,12:48:35,11:12:02,16:03:58,2024-07-07,2024-12-19,2024-05-05
True,True,False,04:45:33,11:50:42,13:50:56,2024-08-16,2024-10-18,2024-02-17
False,True,True,21:31:38,07:31:03,02:46:22,2024-05-24,2024-08-17,2024-07-16
False,False,True,14:40:47,05:31:11,02:16:51,2024-02-04,2024-04-27,2024-04-06
False,False,False,17:28:02,23:07:43,21:16:22,2024-03-23,2024-05-03,2024-10-01
False,False,False,10:16:26,08:40:56,16:16:28,2024-04-17,2024-01-11,2024-10-09
False,True,True,04:21:00,00:01:52,14:18:15,2024-11-23,2024-04-18,2024-10-29
False,True,True,07:45:57,09:06:58,11:57:58,2024-02-23,2024-12-20,2024-01-30
True,False,True,14:30:00,12:21:33,06:12:28,2024-05-16,2024-01-24,2024-03-15
False,True,False,07:51:58,03:31:22,03:57:20,2024-10-24,2024-12-09,2024-04-21
True,False,False,03:49:02,17:22:09,11:37:44,2024-08-12,2024-10-26,2024-10-21
False,False,True,00:17:18,12:06:41,00:47:08,2024-10-13,2024-02-10,2024-07-03
True,False,True,00:07:51,23:46:09,12:32:39,2024-03-27,2024-11-05,2024-07-07
True,False,False,08:15:47,21:35:02,21:47:59,2024-08-08,2024-02-20,2024-06-06
True,True,True,03:45:23,16:17:53,01:08:09,2024-05-20,2024-02-03,2024-06-10
False,False,False,20:04:32,00:41:50,23:11:08,2024-03-30,2024-03-26,2024-05-13
True,False,True,14:48:59,23:48:59,19:46:02,2024-08-31,2024-12-21,2024-08-10
True,True,False,23:23:02,05:35:26,13:45:30,2024-02-12,2024-04-01,2024-12-10
True,True,True,11:41:22,06:34:08,05:14:40,2024-05-03,2024-08-31,2024-01-15
True,True,True,09:06:39,22:14:49,00:48:12,2024-01-09,2024-05-16,2024-11-29
False,True,True,11:41:00,16:14:30,23:08:53,2024-02-21,2024-04-19,2024-07-07
False,False,False,16:08:38,23:07:14,06:29:47,2024-12-24,2024-08-05,2024-07-24
False,True,True,01:15:44,15:06:08,22:56:14,2024-01-18,2024-09-24,2024-02-15
True,True,True,06:41:06,07:22:13,20:27:19,2024-10-12,2024-05-10,2024-09-01
False,False,False,01:48:58,13:08:18,01:50:20,2024-06-21,2024-12-05,2024-11-06
False,True,False,15:53:33,15:42:20,07:24:55,2024-03-02,2024-08-21,2024-06-06
True,True,True,20:28:35,11:53:23,01:45:39,2024-09-15,2024-12-09,2024-01-12
True,True,True,08:31:34,10:41:48,07:06:57,2024-10-07,2024-09-04,2024-02-03
True,False,True,22:18:02,00:07:50,19:24:13,2024-08-01,2024-02-09,2024-09-29
False,False,False,06:58:15,14:56:11,01:40:54,2024-10-19,2024-01-19,2024-07-20
False,False,False,05:16:28,13:18:52,08:32:16,2024-03-13,2024-06-16,2024-11-09
False,True,False,09:08:05,12:15:35,08:33:23,2024-10-02,2024-08-28,2024-07-16
False,False,False,10:04:21,09:05:34,09:25:43,2024-12-11,2024-11-03,2024-05-15
False,False,True,20:00:15,01:14:44,18:55:37,2024-03-08,2024-08-11,2024-02-22
False,True,False,06:15:29,21:08:30,13:57:39,2024-02-08,2024-08-08,2024-08-27
True,False,True,09:15:41,16:49:26,09:12:45,2024-08-01,2024-07-07,2024-07-26
False,True,False,21:52:20,11:55:44,19:27:04,2024-03-04,2024-08-19,2024-11-17
True,False,True,14:22:47,08:14:29,02:03:40,2024-07-11,2024-09-20,2024-10-26
False,True,False,07:09:59,17:28:44,13:17:32,2024-12-19,2024-01-30,2024-09-13
True,False,True,14:22:51,08:59:47,15:49:05,2024-03-03,2024-12-08,2024-02-03
False,True,False,10:17:11,10:58:39,12:32:48,2024-04-23,2024-01-21,2024-02-14
False,True,True,18:23:51,09:40:55,12:02:22,2024-12-02,2024-11-11,2024-10-11
True,False,False,09:16:03,15:16:34,23:01:46,2024-03-12,2024-07-10,2024-01-09
True,True,False,13:57:42,08:16:23,00:46:31,2024-11-26,2024-11-15,2024-12-09
False,False,False,02:30:22,22:40:20,18:21:33,2024-06-01,2024-12-10,2024-09-21
False,False,False,13:58:38,08:11:57,09:34:53,2024-03-01,2024-01-27,2024-09-13
True,True,False,22:26:25,09:22:29,11:31:23,2024-07-20,2024-08-20,2024-03-24
True,True,False,07:36:37,23:58:53,20:15:52,2024-04-05,2024-01-24,2024-12-14
True,False,True,05:51:34,00:39:04,13:49:31,2024-05-07,2024-04-05,2024-07-31
True,False,True,12:20:32,12:48:39,11:27:00,2024-10-11,2024-03-19,2024-08-15
False,False,False,01:26:27,22:58:45,15:48:06,2024-01-16,2024-06-15,2024-06-07
False,True,False,02:22:02,03:07:53,23:50:41,2024-04-13,2024-08-28,2024-06-19
False,True,False,14:13:28,11:46:47,02:43:38,2024-11-21,2024-04-11,2024-05-20
True,True,True,03:18:21,22:29:42,07:09:31,2024-06-16,2024-10-12,2024-05-31
True,True,True,05:09:44,11:14:57,07:27:04,2024-02-26,2024-10-12,2024-06-01
False,False,False,08:46:05,19:07:29,03:48:32,2024-02-08,2024-06-21,2024-08-20
True,True,True,18:16:49,17:40:28,00:53:18,2024-05-02,2024-03-02,2024-09-27
False,True,True,20:44:59,11:54:48,06:29:08,2024-03-08,2024-03-08,2024-05-25
True,False,False,20:19:38,01:12:08,19:04:26,2024-05-14,2024-05-17,2024-06-09
True,True,True,14:56:38,05:35:30,09:44:43,2024-03-24,2024-06-02,2024-02-09
False,False,True,06:55:38,16:43:09,16:27:16,2024-01-05,2024-11-18,2024-01-11
True,True,True,23:25:42,09:00:29,04:53:18,2024-01-22,2024-12-21,2024-05-01
True,True,True,05:18:14,06:29:28,13:40:46,2024-05-28,2024-04-12,2024-12-11
False,True,True,04:04:26,18:07:42,19:41:54,2024-10-18,2024-09-21,2024-08-08
False,True,True,17:29:25,04:16:24,01:26:13,2024-07-20,2024-09-09,2024-12-08
False,True,False,01:38:11,18:57:54,03:31:41,2024-10-28,2024-06-07,2024-07-04
False,True,True,00:05:27,07:05:23,07:49:20,2024-06-22,2024-12-31,2024-02-24
True,False,True,21:04:25,17:46:07,19:27:36,2024-06-27,2024-04-11,2024-10-18
True,False,False,12:13:15,06:00:11,07:19:07,2024-02-16,2024-01-29,2024-03-19
False,False,False,22:46:47,17:50:02,23:21:57,2024-07-30,2024-02-19,2024-06-30
True,False,False,23:26:23,12:23:53,18:35:50,2024-03-25,2024-05-09,2024-04-28
False,True,True,20:13:08,22:40:51,11:28:34,2024-10-10,2024-07-10,2024-04-11
False,False,True,05:59:50,18:57:19,13:10:57,2024-09-26,2024-05-05,2024-12-12
True,True,False,09:04:31,00:42:17,16:12:15,2024-07-13,2024-03-30,2024-05-26
False,False,False,08:51:30,08:09:24,11:57:02,2024-10-21,2024-08-07,2024-07-11
True,False,False,16:42:06,13:04:28,11:04:28,2024-03-07,2024-05-07,2024-08-29
True,False,False,02:18:24,11:01:54,10:32:17,2024-07-15,2024-12-16,2024-06-19
True,True,False,12:52:20,02:51:51,18:34:06,2024-03-28,2024-07-02,2024-12-18
True,True,True,07:24:41,18:03:14,21:08:11,2024-04-10,2024-06-07,2024-10-16
False,True,True,21:06:13,01:46:29,09:23:39,2024-02-19,2024-01-23,2024-10-18
False,True,True,02:28:20,13:14:17,16:15:55,2024-11-30,2024-02-28,2024-11-15
True,True,True,10:38:34,00:37:45,15:39:21,2024-12-16,2024-06-04,2024-10-21
False,True,False,14:48:30,21:02:26,20:37:34,2024-09-29,2024-06-19,2024-10-04
True,False,True,03:57:01,09:44:30,09:48:51,2024-02-20,2024-01-30,2024-07-23
False,False,False,07:43:44,11:06:27,02:51:57,2024-08-26,2024-03-29,2024-01-26
False,True,True,15:03:37,16:28:27,09:45:40,2024-08-11,2024-05-11,2024-07-27
True,True,False,17:37:19,05:30:15,21:23:41,2024-04-27,2024-10-19,2024-01-14
False,True,False,04:21:17,17:36:09,22:39:53,2024-03-28,2024-02-09,2024-11-20
False,False,False,20:15:48,13:27:35,10:05:37,2024-03-31,2024-11-08,2024-02-09
False,True,True,02:33:03,03:52:34,15:47:23,2024-10-01,2024-05-03,2024-10-05
True,True,False,12:04:19,02:33:03,01:52:22,2024-04-25,2024-12-09,2024-10-21
True,True,False,15:25:38,04:23:02,21:24:26,2024-04-25,2024-07-28,2024-12-24
True,False,True,08:47:35,19:20:04,13:24:27,2024-05-08,2024-09-09,2024-08-11
True,False,False,16:53:12,01:50:10,16:25:55,2024-06-09,2024-04-17,2024-09-15
True,False,False,21:37:45,09:25:43,20:32:16,2024-12-04,2024-08-03,2024-08-24
True,True,False,07:10:16,16:50:06,09:10:33,2024-02-05,2024-07-26,2024-06-02
True,True,False,22:05:32,08:08:49,07:47:39,2024-01-06,2024-07-27,2024-05-04
False,False,False,23:16:50,13:22:26,02:11:21,2024-05-22,2024-09-04,2024-02-03
True,False,True,20:13:42,06:08:57,10:24:38,2024-07-07,2024-07-21,2024-11-25
True,True,True,12:34:01,09:20:00,22:04:27,2024-04-15,2024-09-25,2024-06-11
True,True,False,10:38:08,22:22:02,20:12:32,2024-08-27,2024-09-23,2024-09-10
True,False,True,07:52:05,09:32:34,13:26:03,2024-11-24,2024-05-27,2024-12-27
True,True,True,18:01:10,02:51:55,02:54:51,2024-09-16,2024-03-15,2024-12-26
False,True,False,10:42:33,19:19:31,04:14:58,2024-03-11,2024-02-13,2024-11-13
True,False,True,04:46:58,02:08:22,05:24:19,2024-07-27,2024-07-03,2024-02-03
True,False,False,16:02:39,22:56:33,04:19:49,2024-09-20,2024-02-28,2024-06-10
False,False,True,02:02:11,19:12:27,12:51:54,2024-08-14,2024-08-18,2024-11-17
True,True,False,16:54:52,21:24:56,10:53:52,2024-11-01,2024-03-31,2024-02-11
True,True,True,07:05:41,20:38:32,21:32:33,2024-05-23,2024-12-26,2024-11-25
True,False,False,21:53:29,04:55:03,08:53:24,2024-05-25,2024-02-21,2024-11-30
False,True,True,19:18:17,00:20:13,20:21:35,2024-04-24,2024-01-06,2024-12-28
False,True,True,15:47:27,17:23:44,18:27:33,2024-02-08,2024-10-04,2024-11-30
True,False,True,11:49:17,18:35:24,09:58:57,2024-06-29,2024-10-14,2024-04-28
False,False,False,20:58:46,00:35:22,12:24:16,2024-06-19,2024-08-12,2024-04-29
False,True,False,18:39:48,18:35:13,01:57:55,2024-08-31,2024-11-19,2024-03-09
True,False,True,22:41:41,16:06:29,03:35:14,2024-11-12,2024-12-22,2024-03-10
True,True,False,04:35:00,10:21:31,07:22:10,2024-08-16,2024-11-10,2024-06-24
False,True,False,17:51:46,08:06:04,04:45:41,2024-02-29,2024-11-16,2024-10-27
True,False,True,19:59:47,06:58:28,13:08:10,2024-05-09,2024-01-31,2024-04-13
False,False,False,16:10:40,04:49:59,06:39:59,2024-07-19,2024-02-05,2024-03-10
False,False,True,06:11:46,02:01:07,03:55:50,2024-02-08,2024-03-13,2024-02-08
True,True,True,14:01:33,22:07:09,06:15:20,2024-07-11,2024-03-23,2024-05-20
True,True,True,05:59:02,13:51:13,01:16:13,2024-05-27,2024-10-13,2024-05-27
True,True,False,22:58:11,18:33:18,09:12:20,2024-03-31,2024-12-21,2024-03-02
False,True,False,02:21:07,18:19:42,19:57:20,2024-07-09,2024-07-05,2024-06-16
True,True,True,12:58:50,07:26:28,01:19:04,2024-07-05,2024-02-15,2024-01-16
True,True,False,22:34:11,13:51:06,21:26:37,2024-05-22,2024-11-02,2024-03-14
True,False,False,02:36:32,06:48:14,14:03:59,2024-05-18,2024-04-20,2024-02-07
False,False,False,02:49:10,01:46:33,20:27:37,2024-07-04,2024-08-07,2024-08-27
False,True,False,13:58:20,14:57:31,06:05:53,2024-06-26,2024-08-02,2024-12-18
False,False,False,13:20:53,15:11:20,01:22:52,2024-05-27,2024-10-23,2024-12-12
True,True,False,07:54:12,15:43:45,21:25:35,2024-07-16,2024-06-02,2024-07-12
False,False,True,00:19:19,16:00:43,09:08:07,2024-01-28,2024-02-18,2024-05-26
False,False,True,22:44:24,15:11:31,08:09:03,2024-03-12,2024-04-10,2024-03-01
True,True,True,21:25:43,17:04:00,22:20:35,2024-08-14,2024-09-05,2024-04-28
False,False,False,12:39:15,03:06:19,04:16:58,2024-07-26,2024-05-27,2024-02-27
True,False,True,02:46:32,15:55:07,13:13:37,2024-11-19,2024-07-20,2024-06-02
True,True,True,08:18:08,19:07:24,20:51:03,2024-01-07,2024-02-13,2024-11-22
True,True,True,16:59:13,12:37:45,18:05:49,2024-11-24,2024-12-24,2024-11-17
True,True,False,06:12:45,15:33:36,04:42:54,2024-10-28,2024-05-14,2024-12-06
False,True,True,22:08:44,12:59:12,08:04:30,2024-08-20,2024-07-29,2024-04-22
False,False,False,08:07:22,05:53:36,05:30:55,2024-02-16,2024-05-15,2024-07-01
True,True,True,12:47:15,08:23:37,04:07:56,2024-08-17,2024-03-05,2024-04-25
True,False,False,14:42:23,01:49:38,14:13:47,2024-12-11,2024-12-05,2024-11-28
True,False,True,02:07:55,20:01:21,17:59:14,2024-02-12,2024-02-06,2024-01-11
True,False,True,08:07:44,04:49:09,17:53:57,2024-03-10,2024-05-23,2024-04-14
True,True,False,21:14:40,22:51:50,17:21:40,2024-11-02,2024-05-24,2024-12-18
True,True,False,05:18:07,23:22:36,18:00:58,2024-04-12,2024-12-08,2024-02-17
True,False,False,04:06:19,13:03:42,19:43:32,2024-08-13,2024-05-03,2024-01-12
False,False,True,06:24:53,01:51:56,02:43:51,2024-09-11,2024-10-22,2024-11-15
False,False,True,19:40:12,04:08:13,19:16:40,2024-11-18,2024-01-15,2024-12-27
False,True,True,17:10:16,22:11:40,13:00:05,2024-12-21,2024-04-04,2024-09-02
False,True,False,05:22:03,05:17:15,04:00:38,2024-11-05,2024-06-16,2024-03-22
False,False,True,15:58:16,17:54:04,21:59:24,2024-09-23,2024-12-09,2024-11-29
True,True,True,10:56:43,13:51:28,12:13:03,2024-08-29,2024-03-05,2024-03-11
False,False,False,15:35:39,01:26:31,07:07:05,2024-11-18,2024-11-04,2024-07-24
False,False,False,03:35:05,03:33:58,18:49:36,2024-11-30,2024-11-30,2024-02-25
False,False,False,14:46:46,09:09:20,12:00:32,2024-03-15,2024-01-06,2024-09-17
True,True,False,19:10:50,22:53:38,07:47:47,2024-02-09,2024-06-29,2024-09-05
False,True,False,19:25:29,06:41:55,07:00:35,2024-11-18,2024-07-23,2024-10-22
False,True,False,19:03:36,05:17:46,23:36:51,2024-10-05,2024-05-30,2024-11-19
False,False,False,13:00:04,18:45:09,00:26:38,2024-02-07,2024-07-30,2024-08-15
True,True,False,15:03:21,07:13:20,12:10:54,2024-10-18,2024-02-27,2024-07-25
False,True,True,13:02:56,07:46:22,10:10:17,2024-12-25,2024-02-01,2024-02-11
False,False,False,19:04:31,22:42:09,10:45:35,2024-06-25,2024-10-28,2024-07-08
False,True,True,17:31:38,16:06:45,11:33:23,2024-11-09,2024-03-11,2024-02-21
False,True,False,04:21:52,18:44:20,07:50:06,2024-06-18,2024-01-21,2024-07-08
True,True,True,16:47:07,14:34:14,15:22:26,2024-09-27,2024-05-02,2024-01-27
False,True,True,00:01:59,08:15:14,18:06:08,2024-09-17,2024-12-03,2024-01-12
True,False,True,05:11:54,07:23:34,12:30:14,2024-10-20,2024-09-11,2024-03-28
False,True,False,02:21:38,22:06:50,15:03:34,2024-02-16,2024-01-18,2024-10-31
False,True,True,01:42:45,22:55:59,05:53:34,2024-10-06,2024-12-24,2024-02-06
True,False,True,17:26:37,08:44:30,03:00:35,2024-02-21,2024-11-03,2024-06-11
False,True,True,21:32:53,21:03:47,08:12:14,2024-12-05,2024-04-12,2024-10-12
False,True,False,15:11:51,06:47:21,14:00:54,2024-04-04,2024-05-14,2024-06-29
True,False,False,07:15:47,23:17:49,04:30:17,2024-08-30,2024-03-31,2024-12-27
False,True,True,14:38:40,03:47:45,14:26:13,2024-02-21,2024-02-21,2024-07-22
True,True,False,15:17:32,09:24:32,21:30:12,2024-11-02,2024-06-28,2024-03-23
False,False,True,17:42:37,09:15:56,18:49:32,2024-12-09,2024-06-22,2024-08-07
False,True,False,14:08:31,03:49:19,06:11:37,2024-01-01,2024-06-29,2024-11-04
True,True,False,09:24:49,09:27:11,00:21:53,2024-01-15,2024-12-25,2024-07-27
False,False,True,21:28:41,01:23:45,11:28:18,2024-01-22,2024-04-07,2024-08-18
False,False,True,05:08:22,11:15:10,21:59:31,2024-05-01,2024-02-23,2024-10-24
True,False,True,03:24:50,04:54:39,00:39:16,2024-10-01,2024-03-02,2024-03-24
True,True,True,04:03:46,21:40:27,20:07:37,2024-09-20,2024-02-13,2024-11-17
False,True,True,17:27:31,18:42:34,15:05:52,2024-02-18,2024-05-13,2024-02-14
True,True,True,22:53:05,03:43:09,14:10:27,2024-10-26,2024-03-16,2024-10-15
False,False,False,21:14:36,02:27:43,23:57:03,2024-06-21,2024-09-08,2024-10-28
False,False,False,06:43:10,21:28:17,16:34:13,2024-02-13,2024-10-05,2024-12-06
True,True,True,18:38:48,23:30:23,21:40:55,2024-04-15,2024-10-30,2024-02-22
False,False,True,15:57:19,14:36:35,06:44:16,2024-03-08,2024-03-05,2024-05-22
True,True,False,23:52:50,01:12:19,06:07:39,2024-04-18,2024-02-23,2024-03-16
True,False,False,20:28:21,22:58:53,02:32:37,2024-11-07,2024-06-24,2024-05-13
True,False,False,00:06:10,07:10:08,18:35:14,2024-05-21,2024-10-14,2024-06-11
False,False,False,22:44:10,21:13:04,13:27:17,2024-07-26,2024-04-24,2024-10-11
False,True,False,19:22:08,07:56:41,13:03:12,2024-04-15,2024-01-07,2024-08-24
False,True,False,21:37:47,09:46:00,09:20:11,2024-03-10,2024-09-10,2024-07-13
False,True,False,10:47:13,08:26:09,22:28:11,2024-09-09,2024-05-19,2024-06-27
True,False,False,13:49:03,12:34:53,12:20:19,2024-04-01,2024-11-21,2024-10-12
False,False,False,12:26:14,01:45:28,06:16:08,2024-04-11,2024-07-23,2024-03-31
False,False,False,18:13:47,05:48:08,09:26:32,2024-11-02,2024-10-28,2024-10-24
True,True,False,22:39:45,17:01:49,03:49:18,2024-04-05,2024-11-28,2024-11-22
True,False,False,01:12:11,13:27:30,23:09:18,2024-02-14,2024-05-29,2024-10-25
True,True,True,04:57:08,22:04:47,22:01:16,2024-09-02,2024-05-29,2024-07-21
True,True,False,12:27:38,14:40:30,01:25:22,2024-07-25,2024-02-14,2024-02-08
False,False,True,04:10:46,13:28:37,02:58:03,2024-11-24,2024-07-10,2024-08-04
True,False,True,15:13:07,02:49:12,06:21:03,2024-03-28,2024-11-07,2024-09-05
True,False,False,07:04:17,20:05:27,21:40:50,2024-02-18,2024-12-19,2024-05-20
False,True,True,05:34:04,13:11:23,15:52:51,2024-07-28,2024-04-18,2024-04-01
True,True,False,21:34:32,12:57:46,22:30:56,2024-10-09,2024-07-07,2024-12-25
True,False,False,10:35:56,08:04:12,09:55:12,2024-06-19,2024-12-17,2024-11-30
False,False,False,10:19:51,22:45:33,13:22:47,2024-09-29,2024-12-10,2024-11-06
True,False,True,22:28:07,20:47:52,17:17:55,2024-02-19,2024-12-02,2024-08-08
True,False,True,13:23:19,19:12:21,14:59:11,2024-07-31,2024-08-05,2024-12-29
True,True,False,23:57:19,11:15:16,14:43:07,2024-01-30,2024-07-09,2024-05-25
True,True,True,17:34:03,01:23:17,22:17:46,2024-03-12,2024-02-24,2024-01-03
False,False,False,22:49:50,05:58:42,07:57:07,2024-04-09,2024-03-10,2024-09-20
False,True,False,15:54:55,12:45:20,07:20:27,2024-12-27,2024-06-18,2024-01-01
True,True,True,05:30:42,14:31:09,08:45:22,2024-04-02,2024-04-30,2024-08-20
True,False,False,16:26:45,18:35:51,08:08:38,2024-12-25,2024-06-03,2024-08-04
True,False,False,08:02:25,15:38:22,14:45:20,2024-02-15,2024-08-19,2024-08-04
True,True,False,09:42:06,16:00:27,00:15:37,2024-02-09,2024-11-10,2024-06-03
True,True,False,01:30:58,04:00:36,07:21:26,2024-12-10,2024-03-07,2024-02-13
True,False,True,03:14:09,18:16:23,04:45:42,2024-03-31,2024-10-18,2024-10-28
False,True,True,01:42:26,10:44:51,18:56:46,2024-12-21,2024-11-26,2024-08-09
False,True,False,01:54:33,12:24:19,15:06:30,2024-03-30,2024-09-10,2024-05-30
True,False,True,16:47:26,03:12:53,06:45:43,2024-06-29,2024-07-07,2024-07-13
True,True,False,17:29:31,20:38:33,06:32:11,2024-03-26,2024-01-05,2024-02-04
False,False,False,06:40:32,14:24:35,04:43:39,2024-02-27,2024-12-12,2024-08-13
False,False,False,05:38:22,09:38:46,23:11:31,2024-12-26,2024-11-18,2024-08-24
False,True,False,01:58:44,19:16:38,13:26:37,2024-04-09,2024-09-29,2024-08-21
True,False,False,22:55:53,17:52:25,20:05:00,2024-04-12,2024-06-30,2024-05-28
True,True,False,05:09:59,13:46:46,15:13:41,2024-12-11,2024-01-04,2024-06-12
True,True,False,04:37:05,11:23:27,17:02:48,2024-11-15,2024-11-20,2024-06-15
False,False,True,13:57:44,15:18:24,01:09:51,2024-07-03,2024-10-05,2024-08-12
True,True,True,01:56:48,06:25:03,10:42:50,2024-02-07,2024-03-24,2024-12-20
True,False,True,12:23:30,08:50:37,13:11:35,2024-03-16,2024-06-21,2024-03-24
True,False,False,04:55:26,18:45:37,05:20:58,2024-12-28,2024-02-24,2024-12-01
True,True,False,00:51:21,08:24:34,19:10:39,2024-08-24,2024-07-19,2024-01-07
True,True,True,22:26:08,10:41:36,06:14:38,2024-06-24,2024-03-12,2024-12-22
True,False,False,23:53:24,16:22:39,10:09:03,2024-05-16,2024-11-17,2024-12-05
False,False,False,10:02:19,00:44:24,14:27:49,2024-08-04,2024-09-06,2024-08-28
False,True,False,08:00:13,09:39:08,15:20:01,2024-01-10,2024-03-11,2024-02-27
False,True,True,10:37:25,07:02:05,22:38:49,2024-12-03,2024-10-20,2024-09-07
True,False,True,02:26:42,13:01:30,18:59:13,2024-04-03,2024-05-03,2024-09-10
True,True,False,11:41:58,04:36:15,21:48:35,2024-11-15,2024-10-05,2024-06-08
True,True,False,19:51:02,23:03:54,06:45:04,2024-01-18,2024-06-30,2024-12-04
False,False,True,09:38:23,15:20:14,15:48:53,2024-05-14,2024-11-22,2024-03-27
True,False,True,13:29:23,14:30:34,12:45:35,2024-09-10,2024-10-20,2024-10-23
False,False,False,09:51:01,03:16:28,13:51:13,2024-06-23,2024-07-13,2024-10-06
False,True,False,13:27:29,04:57:41,00:53:19,2024-02-24,2024-03-08,2024-08-07
False,True,True,18:45:19,09:20:17,02:33:07,2024-09-19,2024-10-24,2024-07-03
True,True,True,05:26:52,03:51:48,20:50:10,2024-12-09,2024-09-28,2024-12-05
True,True,True,17:52:42,03:24:25,11:20:17,2024-01-28,2024-10-11,2024-11-01
True,False,True,07:30:04,07:49:47,20:28:06,2024-09-19,2024-12-21,2024-10-08
False,True,True,18:33:55,02:16:52,21:47:19,2024-05-03,2024-10-22,2024-12-27
True,True,False,15:29:02,00:21:51,09:22:53,2024-05-11,2024-10-06,2024-11-27
True,False,False,00:10:41,00:37:34,23:18:47,2024-07-26,2024-01-22,2024-11-06
False,False,False,09:58:09,15:12:37,02:46:23,2024-11-19,2024-01-26,2024-02-11
False,True,False,21:37:17,04:32:44,11:53:29,2024-04-14,2024-06-21,2024-09-23
True,False,True,13:09:35,17:58:00,09:26:54,2024-06-05,2024-05-02,2024-02-08
True,True,False,11:20:56,20:36:44,01:48:11,2024-12-24,2024-09-07,2024-02-25
False,True,False,00:07:23,17:13:30,02:43:15,2024-06-23,2024-05-19,2024-03-06
True,True,False,20:44:54,10:20:16,15:14:44,2024-05-15,2024-07-05,2024-02-02
True,True,True,01:20:02,08:16:33,13:09:16,2024-01-09,2024-07-08,2024-12-31
False,False,True,23:26:32,06:35:15,18:02:06,2024-11-01,2024-12-30,2024-11-08
True,False,False,01:00:21,06:27:27,01:37:43,2024-09-20,2024-09-20,2024-06-28
True,True,True,09:52:38,17:47:14,04:42:54,2024-10-05,2024-05-19,2024-02-23
True,True,True,11:15:12,03:55:21,10:55:26,2024-04-29,2024-08-31,2024-10-12
False,False,False,04:05:12,20:14:31,09:40:53,2024-10-29,2024-11-03,2024-08-02
False,False,True,23:22:27,22:13:39,18:36:57,2024-12-06,2024-06-01,2024-12-06
True,True,False,15:07:38,15:58:23,15:44:22,2024-01-01,2024-02-06,2024-08-20
False,True,False,19:17:30,08:15:46,22:33:32,2024-07-22,2024-06-22,2024-06-14
False,False,False,02:40:51,18:25:24,01:41:09,2024-10-21,2024-08-18,2024-02-11
True,False,True,09:54:15,03:09:20,09:47:44,2024-10-26,2024-08-31,2024-09-10
False,False,False,13:00:57,03:38:51,11:21:44,2024-09-08,2024-12-29,2024-01-15
True,False,False,04:44:26,15:55:46,19:20:48,2024-09-18,2024-03-18,2024-12-22
False,True,False,10:08:30,09:11:18,22:33:01,2024-11-16,2024-11-16,2024-11-09
True,False,True,08:22:56,08:32:21,20:45:36,2024-05-07,2024-03-29,2024-02-19
True,False,False,02:34:06,16:38:57,22:56:05,2024-10-26,2024-02-22,2024-07-03
False,False,False,06:42:25,09:21:47,15:10:32,2024-05-27,2024-11-07,2024-12-15
False,False,False,18:59:58,17:25:29,17:53:16,2024-05-22,2024-07-19,2024-07-11
False,False,True,03:16:47,17:34:38,14:03:12,2024-06-18,2024-08-20,2024-09-10
True,True,False,22:16:19,17:58:07,15:54:03,2024-12-04,2024-06-15,2024-04-20
True,False,True,09:23:28,21:10:00,12:54:40,2024-12-31,2024-10-03,2024-12-24
False,False,True,09:50:02,08:59:04,13:00:51,2024-01-07,2024-05-28,2024-11-23
False,False,False,19:54:40,12:06:49,04:58:49,2024-09-19,2024-04-11,2024-07-07
True,True,True,18:53:40,02:23:31,03:09:03,2024-01-02,2024-06-20,2024-01-14
True,False,True,13:12:39,18:11:43,02:44:39,2024-09-15,2024-05-04,2024-02-01
False,False,True,03:26:31,07:54:58,02:56:01,2024-08-12,2024-11-21,2024-01-21
False,False,False,13:24:00,12:24:44,04:37:31,2024-03-12,2024-05-18,2024-07-14
False,True,False,10:22:21,04:41:28,04:56:23,2024-10-20,2024-08-05,2024-09-27
False,False,True,03:51:10,10:02:59,08:49:58,2024-03-19,2024-06-14,2024-08-10
False,False,True,09:07:05,13:47:02,19:10:23,2024-04-18,2024-03-23,2024-04-22
True,True,True,04:32:06,08:26:15,14:21:28,2024-09-22,2024-07-25,2024-10-09
False,False,False,00:49:29,15:52:38,03:25:20,2024-03-08,2024-05-08,2024-03-04
True,True,True,21:33:05,12:50:10,17:47:23,2024-01-03,2024-12-19,2024-12-26
True,True,False,13:44:51,14:15:13,19:22:13,2024-05-07,2024-10-13,2024-10-10
True,True,True,05:44:47,07:17:00,19:32:02,2024-07-01,2024-11-19,2024-07-18
False,False,False,13:11:05,00:00:17,16:47:24,2024-05-12,2024-05-19,2024-12-22
True,False,False,20:26:14,05:48:15,17:04:50,2024-06-03,2024-10-01,2024-09-01
True,False,True,06:07:27,07:25:10,08:41:14,2024-09-08,2024-03-09,2024-07-12
True,True,True,11:56:36,14:56:05,00:56:43,2024-09-23,2024-06-13,2024-10-27
True,True,True,08:23:21,11:57:53,12:20:26,2024-08-12,2024-06-24,2024-01-18
False,False,True,00:18:05,08:24:35,16:39:27,2024-10-16,2024-06-28,2024-10-18
True,False,True,02:04:42,16:59:31,03:15:12,2024-09-16,2024-06-06,2024-01-09
False,True,True,03:36:54,04:43:06,05:54:38,2024-02-17,2024-10-15,2024-02-09
False,True,True,03:31:56,14:34:40,21:39:22,2024-03-01,2024-02-02,2024-06-04
True,True,True,22:05:49,14:20:24,23:20:23,2024-06-21,2024-07-22,2024-02-12
False,False,False,22:06:00,13:56:25,03:33:33,2024-08-28,2024-09-21,2024-04-23
False,True,False,07:52:56,02:27:16,00:30:34,2024-06-11,2024-09-11,2024-09-26
True,True,False,18:33:52,12:05:23,14:58:07,2024-02-20,2024-12-06,2024-11-08
True,False,False,17:42:59,20:38:44,14:40:03,2024-10-03,2024-08-24,2024-11-01
False,False,False,12:00:29,15:06:26,20:53:20,2024-10-06,2024-09-13,2024-12-18
False,False,True,05:48:41,05:01:58,23:47:21,2024-12-27,2024-02-29,2024-07-19
False,True,False,07:35:58,01:28:28,09:41:22,2024-11-17,2024-03-05,2024-04-28
True,False,True,06:31:43,01:02:55,03:54:50,2024-05-24,2024-11-03,2024-08-01
False,True,True,07:57:03,05:20:16,03:08:26,2024-05-22,2024-12-10,2024-09-27
False,True,True,07:05:06,03:50:58,00:40:44,2024-10-07,2024-09-03,2024-08-19
False,False,True,02:06:32,15:04:29,20:17:34,2024-06-23,2024-06-10,2024-09-14
True,False,True,23:30:27,14:02:51,16:07:25,2024-01-27,2024-05-21,2024-02-14
False,True,False,04:24:59,13:04:56,08:03:46,2024-01-29,2024-04-04,2024-03-09
True,True,True,08:35:16,04:14:29,09:24:53,2024-02-02,2024-07-31,2024-07-29
True,False,False,13:05:43,08:23:31,06:28:10,2024-12-27,2024-11-03,2024-05-03
False,True,True,13:26:36,11:58:04,01:43:03,2024-05-31,2024-07-18,2024-06-28
True,False,True,12:09:06,20:42:15,08:12:35,2024-01-03,2024-11-27,2024-01-11
False,False,True,07:40:20,20:32:22,22:50:51,2024-07-11,2024-08-08,2024-05-22
False,False,True,18:33:15,16:56:31,07:46:19,2024-08-09,2024-12-08,2024-02-18
True,False,False,13:02:41,16:43:12,16:50:02,2024-09-23,2024-09-28,2024-06-25
False,False,True,18:00:35,06:26:19,05:26:13,2024-12-24,2024-06-09,2024-07-24
False,False,False,16:41:51,18:38:54,12:30:25,2024-01-13,2024-02-29,2024-04-02
True,False,False,09:38:21,00:27:53,14:11:42,2024-05-04,2024-12-20,2024-06-24
False,False,False,07:49:17,20:41:51,13:16:23,2024-12-16,2024-11-16,2024-02-18
False,True,False,01:00:18,06:22:05,04:29:18,2024-06-11,2024-08-24,2024-03-21
False,False,False,19:19:19,18:29:12,03:29:28,2024-07-02,2024-07-22,2024-06-08
True,False,False,21:59:42,13:15:04,00:24:43,2024-09-23,2024-07-11,2024-12-29
False,True,False,21:50:40,14:06:33,23:47:59,2024-01-25,2024-02-16,2024-02-21
True,False,True,04:44:34,13:57:23,04:24:13,2024-10-29,2024-12-15,2024-08-25
True,True,False,09:07:51,02:41:44,01:34:24,2024-05-19,2024-08-26,2024-01-10
False,True,False,18:00:34,11:17:01,19:48:15,2024-07-22,2024-04-18,2024-08-14
True,True,True,17:59:06,20:43:14,12:34:42,2024-01-23,2024-02-16,2024-03-20
True,False,False,12:43:02,05:54:30,00:40:08,2024-11-27,2024-09-16,2024-09-22
True,True,False,20:58:37,19:07:51,04:54:55,2024-02-13,2024-02-22,2024-08-03
False,False,True,04:24:52,14:26:10,03:04:06,2024-12-16,2024-04-21,2024-05-05
True,False,False,17:29:27,19:07:03,12:49:52,2024-04-09,2024-04-26,2024-04-07
False,False,False,10:21:47,18:19:14,10:22:19,2024-01-05,2024-03-15,2024-02-13
False,False,True,19:34:13,14:37:03,23:04:44,2024-02-07,2024-07-23,2024-10-30
False,False,True,15:43:26,05:10:56,19:49:46,2024-12-07,2024-10-15,2024-08-19
True,False,True,04:12:44,01:14:06,09:09:09,2024-05-05,2024-04-03,2024-12-27
False,True,False,17:06:07,10:23:34,15:11:31,2024-08-23,2024-10-09,2024-09-21
False,True,False,00:20:34,06:18:28,10:10:18,2024-02-04,2024-05-05,2024-07-26
False,False,True,20:54:50,17:57:04,02:02:15,2024-03-31,2024-03-16,2024-04-15
True,False,True,02:10:21,04:13:38,17:33:00,2024-06-26,2024-05-07,2024-01-10
True,True,True,02:11:30,01:06:08,04:26:58,2024-02-24,2024-10-12,2024-12-02
False,False,False,02:11:51,21:31:30,11:59:10,2024-08-07,2024-03-15,2024-03-28
False,True,False,02:28:07,17:29:39,15:13:13,2024-01-31,2024-01-14,2024-08-29
True,True,False,03:24:42,13:17:44,10:39:57,2024-08-06,2024-05-27,2024-12-17
True,False,True,02:31:16,11:35:42,05:58:58,2024-06-12,2024-12-18,2024-03-24
True,False,True,02:02:34,10:09:18,08:32:11,2024-06-29,2024-06-24,2024-06-06
True,True,False,14:59:57,17:16:12,14:20:46,2024-03-15,2024-08-22,2024-03-15
False,False,True,11:29:30,13:06:06,11:38:23,2024-10-30,2024-02-23,2024-08-11
False,False,False,11:23:08,09:22:11,18:47:41,2024-09-06,2024-08-31,2024-10-04
True,False,False,23:55:13,07:06:10,09:02:26,2024-04-12,2024-02-14,2024-01-18
True,False,True,00:48:05,00:45:35,17:38:38,2024-10-08,2024-01-17,2024-06-01
True,True,False,20:27:28,16:02:30,20:37:41,2024-02-08,2024-09-11,2024-03-04
False,True,True,06:45:17,02:29:31,19:10:32,2024-09-24,2024-06-04,2024-07-02
False,True,False,16:24:46,17:56:22,21:14:23,2024-07-25,2024-08-19,2024-09-17
True,True,True,08:45:56,08:15:34,07:57:11,2024-03-02,2024-01-03,2024-10-28
False,True,True,00:13:36,17:18:53,22:48:43,2024-08-28,2024-05-28,2024-03-27
True,False,True,14:54:46,07:34:43,12:29:53,2024-07-08,2024-05-24,2024-04-20
False,True,False,17:06:59,06:18:14,12:30:43,2024-03-06,2024-08-04,2024-04-08
True,False,False,02:15:42,20:06:41,08:24:20,2024-06-22,2024-01-09,2024-10-14
False,False,True,19:50:56,12:00:54,02:12:41,2024-07-24,2024-08-16,2024-04-13
True,False,False,18:20:41,21:10:44,11:24:01,2024-08-12,2024-06-22,2024-07-02
False,True,True,17:24:55,08:03:56,20:10:03,2024-02-27,2024-08-05,2024-07-29
True,False,True,06:17:05,11:56:13,10:41:45,2024-12-16,2024-12-12,2024-12-24
True,True,False,05:27:54,15:51:04,18:14:56,2024-12-06,2024-02-22,2024-12-18
False,True,False,07:21:58,20:58:44,15:06:17,2024-02-12,2024-11-17,2024-08-15
False,False,True,16:17:49,08:12:12,23:17:48,2024-06-22,2024-06-03,2024-06-05
False,True,True,00:06:10,05:48:21,08:00:18,2024-04-29,2024-07-04,2024-12-05
True,True,False,14:04:23,11:33:58,17:22:47,2024-12-10,2024-03-28,2024-02-22
True,False,False,09:42:37,17:43:25,10:34:25,2024-06-29,2024-11-15,2024-07-28
False,False,False,01:29:00,16:01:01,22:44:22,2024-04-15,2024-06-22,2024-04-30
False,True,True,22:25:46,19:20:32,12:40:46,2024-10-03,2024-05-17,2024-12-21
True,False,True,00:32:18,14:11:14,03:59:38,2024-08-12,2024-09-14,2024-08-28
False,True,False,07:35:34,19:52:00,19:24:38,2024-12-31,2024-04-27,2024-04-12
False,True,True,10:43:46,21:09:44,21:15:23,2024-12-05,2024-02-17,2024-09-14
False,False,True,00:07:48,02:37:31,08:52:25,2024-09-02,2024-02-25,2024-09-26
True,False,True,17:55:17,08:31:24,23:26:30,2024-12-09,2024-11-23,2024-07-27
True,True,False,08:06:05,02:31:49,20:08:55,2024-11-08,2024-09-13,2024-04-16
False,True,False,01:22:46,03:14:35,22:27:58,2024-12-03,2024-08-27,2024-05-17
False,True,False,03:40:13,03:02:57,22:43:38,2024-09-13,2024-10-11,2024-09-22
False,True,True,14:28:18,04:11:28,17:25:37,2024-01-15,2024-10-10,2024-03-22
False,True,True,03:04:01,11:08:34,10:57:11,2024-07-29,2024-03-30,2024-01-23
True,True,False,13:23:28,01:06:10,16:10:36,2024-03-08,2024-12-30,2024-02-15
True,False,False,13:56:34,16:44:28,10:55:13,2024-06-13,2024-01-06,2024-12-10
False,False,False,04:25:25,15:19:30,23:12:50,2024-01-06,2024-03-29,2024-01-03
False,False,True,06:02:58,04:08:31,00:04:23,2024-05-09,2024-04-08,2024-07-27
True,True,False,04:12:22,13:38:58,02:05:00,2024-01-18,2024-10-22,2024-02-25
False,True,False,15:30:17,12:31:20,18:16:25,2024-08-17,2024-11-16,2024-05-07
False,False,True,10:41:03,12:15:24,04:45:50,2024-01-14,2024-02-17,2024-01-01
False,False,False,07:34:45,08:23:33,19:34:20,2024-01-03,2024-02-05,2024-12-29
False,True,True,08:46:29,03:16:37,20:01:54,2024-12-09,2024-05-22,2024-08-09
True,False,True,14:52:24,06:01:11,00:34:00,2024-12-27,2024-11-18,2024-05-04
False,True,True,01:32:00,07:45:49,16:48:08,2024-08-17,2024-04-09,2024-05-22
False,True,True,20:58:55,05:14:23,10:43:26,2024-10-27,2024-09-07,2024-07-08
False,True,True,14:15:23,15:39:36,11:51:37,2024-01-25,2024-01-18,2024-01-23
True,False,True,17:30:56,06:19:01,11:34:56,2024-09-23,2024-06-05,2024-05-10
True,True,True,19:09:39,14:45:58,18:46:38,2024-04-28,2024-06-11,2024-06-03
True,True,True,05:38:59,23:01:31,23:41:45,2024-07-13,2024-01-25,2024-09-06
True,True,False,04:22:31,15:05:40,23:48:46,2024-12-22,2024-03-20,2024-04-06
False,True,True,12:34:21,09:03:14,12:49:32,2024-02-29,2024-01-12,2024-04-04
False,True,True,05:01:48,12:01:53,00:27:49,2024-01-25,2024-02-23,2024-08-01
False,False,True,21:52:10,00:11:59,05:04:00,2024-04-23,2024-04-15,2024-07-26
False,False,True,23:34:10,05:21:19,12:20:07,2024-03-13,2024-12-24,2024-05-25
False,False,False,04:23:29,08:04:18,16:53:09,2024-01-17,2024-10-19,2024-08-05
False,True,False,05:36:48,19:39:41,08:37:07,2024-05-09,2024-10-31,2024-12-06
False,True,True,19:27:15,13:12:57,06:09:11,2024-12-18,2024-04-19,2024-08-27
True,False,True,13:52:21,01:39:11,19:51:05,2024-05-10,2024-11-08,2024-02-24
False,False,True,21:36:05,02:29:37,19:39:22,2024-05-21,2024-10-25,2024-05-26
False,True,False,05:20:18,17:41:22,06:12:22,2024-04-10,2024-03-05,2024-09-24
False,True,False,06:03:44,09:04:11,14:44:14,2024-02-28,2024-10-23,2024-03-05
True,True,True,15:29:14,05:00:12,22:41:16,2024-09-15,2024-09-14,2024-01-16
True,False,True,18:34:51,05:27:12,15:32:34,2024-06-16,2024-01-17,2024-08-20
True,True,True,06:49:27,01:21:37,10:05:31,2024-09-30,2024-06-28,2024-10-24
False,False,False,04:18:09,14:09:57,15:22:47,2024-04-03,2024-12-01,2024-11-08
True,True,True,09:36:47,21:52:41,08:02:30,2024-07-17,2024-06-15,2024-05-03
True,False,False,08:17:11,14:06:59,07:03:14,2024-04-03,2024-08-23,2024-01-08
True,True,False,22:40:35,08:58:37,17:36:58,2024-07-15,2024-05-20,2024-10-25
False,True,False,01:27:35,23:55:01,00:29:57,2024-07-23,2024-04-28,2024-09-06
True,True,True,02:47:39,05:34:52,06:22:37,2024-08-25,2024-08-13,2024-05-18
False,True,True,13:25:45,01:07:40,23:48:38,2024-04-28,2024-11-19,2024-01-06
True,True,False,08:42:22,21:49:29,07:08:41,2024-06-30,2024-12-09,2024-12-18
True,True,False,05:10:23,22:31:35,10:45:05,2024-02-06,2024-03-16,2024-12-20
True,False,True,01:35:28,01:23:59,07:09:27,2024-07-14,2024-12-17,2024-09-18
False,True,False,16:57:53,15:08:16,11:50:14,2024-01-18,2024-07-06,2024-03-01
False,True,False,15:38:10,11:46:33,14:39:08,2024-06-04,2024-02-11,2024-12-29
True,False,True,09:45:33,22:32:52,13:05:22,2024-10-27,2024-07-04,2024-05-24
True,False,False,07:30:58,19:26:08,19:28:26,2024-12-10,2024-01-15,2024-10-09
True,False,False,00:57:06,16:40:40,23:07:43,2024-06-15,2024-10-25,2024-03-10
True,True,False,14:57:42,20:06:39,06:06:01,2024-01-09,2024-10-13,2024-04-10
False,False,True,12:18:43,05:26:15,05:49:29,2024-12-18,2024-01-10,2024-07-05
False,False,True,01:54:42,15:28:15,09:17:46,2024-12-16,2024-06-20,2024-05-29
True,True,False,13:48:30,16:06:04,18:42:20,2024-11-17,2024-07-22,2024-07-08
True,True,False,10:28:41,21:45:00,23:03:59,2024-12-15,2024-07-11,2024-01-30
False,True,True,09:50:56,01:03:01,14:19:42,2024-07-07,2024-11-17,2024-05-03
True,True,True,00:10:07,19:36:27,08:19:29,2024-10-19,2024-12-25,2024-12-08
False,False,False,17:27:31,23:30:14,14:25:40,2024-05-03,2024-06-13,2024-10-19
True,True,False,21:27:31,04:34:29,02:35:08,2024-07-03,2024-09-15,2024-09-15
True,True,False,14:42:58,00:32:58,04:25:40,2024-02-18,2024-06-28,2024-05-17
False,False,False,13:56:50,13:37:41,08:40:04,2024-06-30,2024-02-20,2024-01-12
True,True,False,14:11:09,19:15:34,11:55:21,2024-02-17,2024-07-23,2024-06-24
False,True,True,20:49:20,13:34:43,11:35:05,2024-10-24,2024-12-07,2024-11-17
True,True,False,03:26:38,09:13:57,21:19:40,2024-03-02,2024-03-04,2024-10-24
True,True,True,10:48:20,03:20:01,09:04:50,2024-11-16,2024-09-25,2024-12-09
True,False,True,15:34:53,04:47:12,07:33:21,2024-02-01,2024-01-01,2024-12-28
True,False,False,19:11:40,19:46:47,05:03:29,2024-05-16,2024-12-13,2024-02-16
True,False,False,13:09:30,16:13:48,23:08:40,2024-01-29,2024-07-09,2024-02-19
True,True,False,03:56:34,01:13:38,03:39:38,2024-01-29,2024-08-23,2024-06-28
True,True,True,11:09:55,13:26:11,04:37:19,2024-12-26,2024-03-30,2024-02-13
False,False,False,19:49:39,10:59:35,15:41:04,2024-07-25,2024-01-20,2024-05-16
False,False,True,02:39:12,06:38:56,17:00:20,2024-06-25,2024-07-19,2024-06-12
True,False,True,23:58:47,21:45:38,14:38:06,2024-09-17,2024-03-09,2024-11-06
True,False,True,22:50:38,17:42:13,00:34:26,2024-06-16,2024-04-04,2024-11-27
True,False,False,12:38:28,01:12:16,19:28:46,2024-08-20,2024-04-17,2024-04-15
True,True,True,03:32:05,08:19:14,06:35:48,2024-01-25,2024-11-05,2024-10-17
True,False,True,16:09:33,05:38:40,10:18:41,2024-01-02,2024-02-24,2024-10-27
False,False,True,18:53:01,08:28:19,16:03:54,2024-05-13,2024-04-21,2024-03-24
False,True,False,01:28:06,05:49:40,07:30:39,2024-07-18,2024-12-13,2024-04-03
False,False,True,19:12:04,22:38:06,10:32:41,2024-06-07,2024-06-13,2024-08-05
True,True,True,06:48:17,05:31:15,09:48:23,2024-05-26,2024-06-08,2024-09-10
True,False,False,07:10:31,02:56:58,07:41:31,2024-06-27,2024-04-15,2024-06-18
False,True,True,19:55:12,23:18:34,03:12:03,2024-10-19,2024-11-22,2024-12-17
True,False,False,19:20:28,05:29:12,22:18:45,2024-03-05,2024-03-12,2024-02-07
False,False,False,05:44:07,23:27:01,15:16:42,2024-06-12,2024-09-18,2024-06-26
False,True,True,10:45:35,00:59:36,22:33:12,2024-10-07,2024-01-15,2024-11-06
True,True,True,14:47:46,15:39:24,10:25:22,2024-09-02,2024-01-04,2024-11-04
False,False,True,07:13:19,12:36:34,19:40:29,2024-05-08,2024-07-24,2024-09-08
True,False,False,01:35:56,07:48:48,14:03:17,2024-09-09,2024-07-31,2024-07-19
False,False,False,06:06:23,03:02:34,11:41:49,2024-02-16,2024-12-06,2024-04-18
True,False,False,16:42:11,04:59:56,17:04:00,2024-05-23,2024-12-22,2024-03-10
True,True,False,01:22:52,03:14:08,16:10:25,2024-02-06,2024-09-23,2024-01-22
False,False,True,16:46:13,23:55:37,11:07:22,2024-02-22,2024-02-19,2024-06-14
False,True,False,20:03:55,10:56:13,14:30:21,2024-12-16,2024-12-09,2024-12-25
True,False,True,00:27:09,18:10:56,14:36:34,2024-02-29,2024-05-07,2024-11-22
False,False,False,14:26:03,11:08:29,23:18:24,2024-11-07,2024-03-06,2024-08-03
False,False,True,13:03:44,23:22:13,19:47:44,2024-08-03,2024-08-29,2024-11-03
False,True,True,01:01:46,23:24:51,23:49:59,2024-07-10,2024-02-28,2024-03-08
False,True,True,17:26:14,19:22:22,17:50:35,2024-05-08,2024-12-25,2024-05-21
False,False,True,16:28:06,18:49:42,12:49:13,2024-04-23,2024-09-18,2024-11-19
True,True,True,11:22:31,19:50:17,13:23:37,2024-09-15,2024-01-03,2024-08-08
False,False,True,06:30:33,09:07:59,12:41:10,2024-10-27,2024-09-11,2024-09-23
False,False,False,02:29:15,18:42:17,22:37:05,2024-11-29,2024-11-30,2024-03-13
False,True,False,22:02:13,01:40:14,14:03:03,2024-04-07,2024-05-03,2024-08-20
True,True,False,15:50:53,09:13:41,17:35:18,2024-06-23,2024-11-10,2024-03-21
True,False,True,03:51:20,22:04:13,01:23:50,2024-04-22,2024-01-24,2024-12-18
True,True,True,09:04:16,01:12:27,05:24:10,2024-02-09,2024-10-22,2024-11-17
False,False,True,21:02:35,11:18:58,07:55:08,2024-08-03,2024-01-27,2024-02-26
True,True,False,19:34:37,21:22:59,08:47:12,2024-01-18,2024-11-23,2024-05-27
True,True,True,23:31:36,10:02:28,08:32:20,2024-11-23,2024-09-07,2024-11-05
False,True,False,17:58:34,16:35:29,21:12:07,2024-11-13,2024-02-02,2024-08-20
True,False,True,12:30:46,11:56:07,11:43:35,2024-08-21,2024-05-24,2024-02-28
False,True,True,23:01:19,09:03:08,17:05:25,2024-06-15,2024-03-11,2024-11-15
False,True,False,04:09:15,09:57:17,19:54:45,2024-01-08,2024-12-16,2024-05-05
True,True,True,13:51:51,04:10:45,01:24:16,2024-01-23,2024-06-16,2024-02-15
True,False,True,03:37:26,18:05:15,05:33:27,2024-07-29,2024-11-14,2024-03-09
True,False,False,02:59:51,09:15:50,11:07:30,2024-10-09,2024-01-08,2024-07-18
True,True,True,03:26:02,14:27:53,19:08:44,2024-09-11,2024-03-31,2024-09-15
True,False,False,17:33:40,17:00:38,10:29:44,2024-03-16,2024-10-12,2024-04-23
False,False,True,16:47:44,12:38:38,09:29:24,2024-07-09,2024-07-12,2024-07-12
True,False,False,07:10:24,05:48:45,18:14:42,2024-09-26,2024-03-29,2024-12-22
True,False,False,05:55:59,19:08:57,11:49:13,2024-10-29,2024-12-12,2024-12-24
False,True,True,22:09:32,21:13:26,20:44:15,2024-02-19,2024-06-09,2024-07-03
False,False,False,17:14:15,11:34:31,18:37:40,2024-12-24,2024-08-11,2024-01-28
False,False,False,18:33:21,19:40:12,19:45:03,2024-05-21,2024-08-20,2024-01-29
True,True,True,07:45:12,18:59:04,22:02:28,2024-07-18,2024-03-06,2024-04-02
True,False,True,00:49:19,01:53:33,07:18:55,2024-03-17,2024-11-24,2024-12-17
False,True,True,08:22:47,08:15:07,09:38:17,2024-08-12,2024-06-23,2024-06-19
True,True,True,10:11:30,19:31:13,14:54:38,2024-06-29,2024-06-04,2024-03-20
True,False,True,15:43:42,19:31:45,15:01:46,2024-12-17,2024-02-08,2024-01-31
False,False,False,09:00:45,18:42:20,12:52:40,2024-04-13,2024-05-20,2024-01-02
False,False,False,19:11:53,00:51:32,11:37:09,2024-07-08,2024-05-30,2024-10-19
True,False,False,23:20:52,22:49:49,09:53:42,2024-09-23,2024-06-22,2024-10-28
True,False,True,15:46:33,15:59:59,07:35:36,2024-02-28,2024-10-09,2024-12-02
False,False,True,04:46:06,15:43:25,04:14:03,2024-10-16,2024-04-17,2024-10-06
True,True,False,12:16:57,00:27:05,06:41:21,2024-04-13,2024-09-25,2024-02-04
False,True,False,07:02:45,05:41:49,07:56:34,2024-07-22,2024-08-28,2024-04-04
True,False,True,09:23:52,07:58:44,01:29:49,2024-05-07,2024-03-19,2024-02-13
True,True,False,17:29:50,07:58:54,07:10:34,2024-10-27,2024-12-29,2024-08-03
True,True,False,01:50:53,05:22:48,20:08:26,2024-09-22,2024-05-13,2024-06-04
False,False,True,21:40:55,22:35:52,01:06:12,2024-07-31,2024-03-11,2024-11-22
True,False,False,08:17:30,14:54:12,20:43:54,2024-01-14,2024-10-03,2024-02-04
False,True,False,18:06:24,05:22:21,23:20:43,2024-09-09,2024-12-29,2024-01-27
True,False,True,15:25:15,04:21:02,11:30:34,2024-10-12,2024-09-26,2024-08-15
False,False,True,17:20:25,11:53:25,16:49:21,2024-12-19,2024-05-01,2024-05-12
False,True,True,18:11:56,07:47:34,06:32:07,2024-02-07,2024-01-21,2024-06-12
False,False,True,07:50:51,00:10:22,02:35:00,2024-04-17,2024-12-21,2024-05-04
False,True,False,02:47:41,05:24:25,14:25:11,2024-05-18,2024-09-06,2024-05-06
True,False,False,10:09:27,15:35:54,17:31:33,2024-10-24,2024-12-20,2024-04-10
True,False,True,12:20:05,12:53:35,12:00:53,2024-10-25,2024-06-24,2024-11-03
False,False,True,03:08:06,20:59:25,17:28:36,2024-01-06,2024-07-23,2024-11-30
False,False,True,10:34:01,18:41:32,15:45:59,2024-02-14,2024-09-11,2024-09-28
False,False,False,17:09:14,17:54:55,07:54:24,2024-09-16,2024-12-02,2024-03-13
False,False,False,05:25:18,16:28:25,09:03:08,2024-09-16,2024-06-14,2024-10-26
True,False,True,17:26:07,13:16:30,13:07:26,2024-06-06,2024-08-05,2024-02-03
False,False,True,10:11:19,03:33:58,22:01:53,2024-04-17,2024-11-13,2024-03-21
True,False,False,13:50:03,10:34:28,01:25:27,2024-09-02,2024-03-28,2024-07-28
False,False,False,06:06:10,06:54:57,01:16:24,2024-07-22,2024-09-08,2024-05-16
True,True,True,18:24:54,15:56:05,13:05:36,2024-07-14,2024-11-14,2024-03-07
False,False,True,18:48:09,15:14:33,05:16:41,2024-10-19,2024-04-24,2024-05-24
True,False,False,15:06:55,19:30:45,15:45:08,2024-02-17,2024-10-15,2024-11-19
False,True,False,04:19:24,23:17:04,07:49:13,2024-04-07,2024-06-18,2024-10-12
True,True,True,18:20:40,20:16:43,14:52:52,2024-08-21,2024-01-17,2024-09-28
True,True,True,11:20:24,17:44:29,01:26:55,2024-12-17,2024-11-19,2024-04-26
False,True,True,22:27:47,02:18:13,14:52:25,2024-07-05,2024-09-22,2024-08-12
False,False,True,15:04:56,04:28:28,20:38:41,2024-03-19,2024-03-01,2024-11-10
True,True,True,16:46:01,01:13:46,09:58:18,2024-03-31,2024-04-05,2024-03-06
False,False,True,05:01:42,10:23:23,11:42:04,2024-02-23,2024-10-18,2024-07-18
False,True,False,08:27:35,16:03:54,07:34:56,2024-10-18,2024-07-31,2024-10-04
True,False,True,23:21:25,22:35:38,08:09:58,2024-01-24,2024-12-06,2024-08-09
True,True,True,19:56:56,16:29:03,08:05:09,2024-02-03,2024-08-21,2024-10-29
True,True,True,00:53:58,09:23:15,14:47:01,2024-02-08,2024-04-01,2024-06-14
False,False,False,12:38:52,11:50:08,00:26:40,2024-09-19,2024-06-25,2024-08-19
False,True,False,19:18:31,08:40:20,03:56:21,2024-07-17,2024-11-30,2024-05-01
True,True,True,17:51:16,03:13:04,11:18:03,2024-10-10,2024-08-03,2024-08-06
False,False,True,09:40:53,12:13:24,12:22:20,2024-06-22,2024-12-06,2024-07-05
False,True,True,00:23:26,15:59:54,04:31:35,2024-09-01,2024-07-18,2024-04-01
False,False,True,14:13:19,06:22:07,06:19:54,2024-07-17,2024-04-27,2024-03-23
True,False,False,16:30:54,21:09:34,08:26:34,2024-04-26,2024-11-17,2024-06-04
False,True,False,01:51:08,04:32:17,12:06:34,2024-08-01,2024-09-19,2024-07-18
True,False,False,03:34:40,19:34:20,09:24:52,2024-07-29,2024-05-17,2024-10-12
False,False,False,15:05:01,21:48:59,06:44:56,2024-05-02,2024-11-27,2024-08-06
True,True,True,12:27:58,00:27:13,15:04:32,2024-02-10,2024-05-12,2024-12-14
True,True,True,13:01:12,00:35:52,12:11:56,2024-06-16,2024-05-31,2024-09-29
True,True,False,11:48:10,13:42:31,07:45:36,2024-03-11,2024-01-17,2024-08-14
False,True,True,07:45:00,18:16:43,07:14:53,2024-07-19,2024-09-18,2024-01-02
True,False,False,16:54:55,16:10:33,20:03:30,2024-04-15,2024-02-20,2024-11-14
True,True,False,16:57:29,00:25:50,16:41:56,2024-01-20,2024-05-24,2024-05-26
False,False,False,05:41:07,17:48:57,18:33:56,2024-06-06,2024-08-14,2024-02-10
True,True,False,11:27:10,22:24:05,04:13:08,2024-05-14,2024-11-04,2024-09-02
True,False,True,19:26:42,21:18:45,12:09:12,2024-06-12,2024-05-07,2024-08-14
True,True,True,16:19:41,16:26:24,07:52:48,2024-01-20,2024-07-23,2024-04-14
False,True,True,19:43:26,20:09:20,08:04:31,2024-01-07,2024-06-14,2024-12-22
True,False,False,16:14:13,22:15:54,05:28:21,2024-04-06,2024-02-08,2024-04-20
False,True,False,15:50:12,17:06:37,17:19:01,2024-02-07,2024-07-03,2024-07-09
False,False,False,01:17:24,22:01:20,00:43:25,2024-06-30,2024-03-08,2024-06-07
True,False,True,06:55:19,23:14:07,23:14:37,2024-03-07,2024-01-15,2024-09-25
True,False,True,13:34:08,22:04:05,21:40:07,2024-04-24,2024-05-20,2024-01-17
False,True,False,07:30:27,19:15:37,07:17:14,2024-11-21,2024-07-17,2024-10-04
False,False,True,05:55:09,15:53:12,22:49:20,2024-07-10,2024-11-29,2024-10-17
False,True,False,20:06:20,16:04:27,17:21:44,2024-05-25,2024-01-29,2024-03-10
True,False,True,18:25:56,23:43:32,17:21:53,2024-07-25,2024-09-09,2024-09-21
False,True,True,04:45:43,00:33:32,11:57:12,2024-04-13,2024-01-13,2024-10-11
False,False,False,12:58:07,07:35:12,15:04:42,2024-09-28,2024-02-17,2024-05-15
True,True,True,09:25:00,03:40:43,16:13:18,2024-10-20,2024-04-04,2024-11-01
True,False,True,00:09:56,08:49:56,11:25:57,2024-10-20,2024-05-27,2024-01-02
True,False,False,13:58:09,14:45:19,16:32:04,2024-01-27,2024-07-30,2024-10-15
True,True,False,12:58:32,09:11:33,22:37:29,2024-11-09,2024-07-04,2024-01-30
True,True,True,23:13:34,01:49:59,08:22:27,2024-10-14,2024-08-11,2024-04-04
False,True,False,12:30:30,16:37:13,12:14:49,2024-09-03,2024-08-04,2024-07-29
True,True,False,07:48:59,13:21:16,07:37:59,2024-05-02,2024-05-13,2024-11-06
False,True,False,21:54:23,09:39:31,03:38:14,2024-10-14,2024-06-21,2024-01-19
False,False,True,16:41:00,11:15:48,11:27:30,2024-12-27,2024-01-13,2024-11-07
True,False,False,17:44:41,01:25:00,03:28:03,2024-12-28,2024-03-09,2024-02-06
True,False,False,13:00:40,05:34:03,23:40:39,2024-09-14,2024-01-14,2024-11-26
True,True,True,18:41:26,23:37:27,01:03:33,2024-04-01,2024-12-03,2024-09-10
True,False,False,02:42:55,15:59:05,18:00:06,2024-12-22,2024-03-02,2024-08-23
True,True,False,00:00:18,05:05:44,01:29:24,2024-07-10,2024-11-13,2024-07-29
False,False,False,13:54:19,17:12:34,12:19:41,2024-12-24,2024-03-31,2024-08-14
False,False,True,05:47:08,17:53:36,09:49:59,2024-09-08,2024-12-29,2024-04-23
False,True,False,23:05:07,14:59:01,18:06:00,2024-12-26,2024-08-25,2024-11-23
False,True,False,21:19:22,09:58:26,02:36:45,2024-12-25,2024-03-21,2024-07-07
True,False,True,16:28:08,13:36:39,12:56:35,2024-10-25,2024-12-05,2024-04-28
False,True,True,12:02:49,05:27:49,12:31:03,2024-11-25,2024-09-21,2024-12-28
True,True,False,00:08:33,02:10:44,16:07:07,2024-05-14,2024-11-25,2024-11-09
False,False,True,20:54:07,18:12:44,23:17:24,2024-05-22,2024-10-08,2024-11-06
False,True,True,10:09:19,04:04:43,12:51:39,2024-10-09,2024-02-19,2024-02-07
True,False,True,07:12:53,03:42:47,18:41:18,2024-02-13,2024-09-22,2024-01-28
False,True,True,01:52:06,16:12:23,06:47:38,2024-01-28,2024-03-29,2024-06-17
True,True,False,13:17:33,01:16:40,10:33:41,2024-07-30,2024-02-27,2024-11-18
True,True,True,20:49:43,03:32:25,15:57:52,2024-02-26,2024-08-05,2024-03-13
True,True,True,09:42:49,04:35:15,04:47:53,2024-07-30,2024-01-25,2024-08-02
False,True,True,22:03:30,09:13:25,17:13:02,2024-02-06,2024-04-28,2024-12-16
False,False,True,10:52:25,05:55:07,15:54:36,2024-11-19,2024-04-11,2024-02-11
True,False,True,02:23:01,18:23:47,13:39:44,2024-05-01,2024-03-28,2024-01-29
False,True,True,22:21:38,09:14:09,14:59:13,2024-12-05,2024-03-22,2024-04-23
True,False,True,07:59:43,12:11:40,08:07:49,2024-01-19,2024-07-07,2024-05-07
True,True,True,02:47:44,23:27:21,22:37:38,2024-10-16,2024-08-10,2024-12-11
True,True,True,02:56:20,16:36:27,03:13:00,2024-05-19,2024-10-22,2024-09-28
True,True,True,05:29:07,22:44:20,22:59:19,2024-03-23,2024-07-14,2024-08-30
True,True,True,15:00:10,17:42:31,05:01:49,2024-05-09,2024-03-28,2024-10-16
False,False,False,01:18:47,12:57:39,14:36:28,2024-06-27,2024-04-17,2024-10-25
True,True,False,22:03:53,23:11:41,11:33:42,2024-01-06,2024-05-22,2024-08-26
False,True,True,22:02:41,07:47:21,02:01:35,2024-01-18,2024-11-25,2024-05-31
True,False,False,10:52:13,23:35:34,15:59:20,2024-12-03,2024-10-31,2024-01-27
True,True,True,12:15:39,17:32:21,16:46:22,2024-04-15,2024-12-04,2024-04-15
True,False,True,16:23:58,08:13:34,09:21:45,2024-01-18,2024-09-22,2024-08-25
True,False,False,19:05:40,02:54:11,22:55:55,2024-10-22,2024-09-11,2024-01-12
False,True,True,23:38:25,15:43:38,19:17:06,2024-05-17,2024-08-11,2024-04-21
False,False,False,16:41:09,03:58:19,07:16:02,2024-04-05,2024-05-04,2024-08-03
True,False,True,10:31:25,10:16:39,12:22:22,2024-10-14,2024-12-28,2024-05-15
False,True,True,00:11:04,15:37:34,03:27:51,2024-11-12,2024-11-21,2024-04-06
True,False,False,18:04:18,08:48:28,06:33:28,2024-10-12,2024-10-31,2024-05-24
True,True,True,10:08:23,08:12:06,07:16:25,2024-09-05,2024-11-22,2024-02-10
False,True,True,05:18:49,23:41:56,06:46:06,2024-06-04,2024-12-28,2024-01-11
True,False,False,12:50:03,16:27:40,03:49:51,2024-06-07,2024-05-24,2024-10-31
False,True,True,08:27:53,23:45:19,07:55:04,2024-12-08,2024-12-23,2024-12-02
False,False,True,00:48:53,07:22:00,23:18:23,2024-10-30,2024-04-26,2024-03-18
True,True,False,03:46:56,13:16:36,16:53:27,2024-07-30,2024-03-26,2024-08-08
False,True,True,07:58:41,01:06:05,11:43:36,2024-06-15,2024-11-09,2024-01-24
False,True,True,07:01:43,23:40:10,21:12:31,2024-05-11,2024-05-02,2024-04-23
True,False,True,08:42:10,17:25:22,20:27:48,2024-02-27,2024-06-17,2024-07-03
True,False,True,06:59:37,07:53:06,20:16:12,2024-11-02,2024-02-06,2024-11-09
True,True,False,18:01:35,14:19:46,09:51:44,2024-07-19,2024-08-15,2024-09-06
False,True,True,09:43:45,06:18:40,10:38:14,2024-10-05,2024-04-10,2024-06-25
False,False,False,19:18:29,09:59:43,05:15:09,2024-07-09,2024-06-06,2024-04-22
True,False,True,06:06:21,23:33:28,09:35:52,2024-10-10,2024-07-23,2024-12-02
False,False,False,00:23:09,17:55:23,18:29:53,2024-02-19,2024-04-01,2024-11-20
True,False,False,10:06:29,10:33:33,09:47:20,2024-04-27,2024-09-11,2024-10-13
True,False,True,01:07:54,00:48:58,21:14:10,2024-04-05,2024-03-02,2024-08-27
True,True,False,02:02:51,22:58:42,07:52:03,2024-12-10,2024-04-24,2024-08-09
True,True,True,21:53:17,07:29:59,12:43:11,2024-11-17,2024-06-26,2024-03-24
False,False,True,05:47:40,02:29:32,10:41:05,2024-10-26,2024-04-16,2024-09-21
True,True,False,16:53:29,15:17:52,14:41:37,2024-07-16,2024-08-06,2024-02-15
True,False,False,02:40:20,01:28:17,23:44:14,2024-01-31,2024-04-11,2024-11-25
True,False,False,10:22:38,12:08:02,15:09:00,2024-07-29,2024-07-23,2024-08-04
True,True,False,01:41:49,15:31:07,04:57:53,2024-04-20,2024-06-07,2024-07-05
False,False,False,08:16:36,21:06:08,02:37:31,2024-12-28,2024-01-14,2024-09-02
True,True,True,21:15:51,03:06:51,09:29:13,2024-03-21,2024-08-23,2024-12-27
True,False,True,02:20:55,07:46:42,01:18:15,2024-11-30,2024-10-29,2024-03-08
True,True,False,06:57:01,09:36:58,20:07:14,2024-02-20,2024-09-24,2024-05-11
True,True,False,04:59:01,07:21:46,00:44:44,2024-04-08,2024-08-30,2024-09-27
True,False,True,09:59:52,09:28:38,16:11:27,2024-05-28,2024-08-24,2024-09-24
True,False,False,01:02:47,12:14:31,00:56:12,2024-06-27,2024-01-05,2024-03-31
False,False,True,02:51:10,17:08:17,08:05:07,2024-11-15,2024-04-01,2024-01-05
False,True,False,00:19:22,23:56:22,19:58:52,2024-05-06,2024-06-25,2024-04-26
True,True,False,05:26:13,08:54:04,14:59:55,2024-03-25,2024-01-09,2024-09-13
True,True,False,13:09:26,18:34:11,20:59:00,2024-01-12,2024-04-05,2024-06-26
True,True,False,16:28:55,01:00:17,20:46:50,2024-06-28,2024-04-05,2024-10-15
False,False,True,03:10:52,17:34:47,09:14:55,2024-06-17,2024-05-01,2024-07-19
False,True,True,02:02:30,08:55:48,15:27:25,2024-04-16,2024-11-24,2024-03-25
False,True,True,08:45:18,09:42:48,01:16:01,2024-06-29,2024-05-25,2024-01-09
False,False,False,05:26:25,10:36:03,16:05:36,2024-12-21,2024-11-20,2024-04-11
True,False,False,07:53:47,18:44:16,14:07:38,2024-01-22,2024-07-02,2024-11-04
True,True,True,02:12:51,07:31:04,20:36:34,2024-05-26,2024-05-10,2024-06-09
True,True,True,03:49:45,07:59:24,15:40:19,2024-11-11,2024-12-07,2024-02-11
True,True,True,23:31:35,19:09:29,12:22:00,2024-02-15,2024-12-26,2024-08-16
False,False,False,02:28:30,08:33:23,17:50:31,2024-04-12,2024-06-27,2024-02-10
True,True,False,09:36:42,00:14:37,05:09:21,2024-03-06,2024-04-05,2024-02-03
False,False,True,09:20:01,17:41:30,19:06:27,2024-02-05,2024-07-22,2024-01-25
True,True,False,08:24:01,15:51:24,17:34:16,2024-06-04,2024-08-06,2024-01-03
False,True,False,13:21:05,22:43:49,03:43:19,2024-07-24,2024-05-22,2024-01-06
True,False,True,14:04:13,20:32:36,21:38:56,2024-04-12,2024-12-10,2024-10-05
False,False,False,19:43:22,22:31:42,06:28:47,2024-04-04,2024-10-19,2024-12-21
False,True,True,23:51:33,04:11:05,09:42:32,2024-09-03,2024-07-25,2024-04-23
False,False,True,13:40:00,22:44:59,00:21:41,2024-05-20,2024-04-01,2024-07-26
False,False,True,03:11:24,09:42:30,00:48:19,2024-03-22,2024-06-13,2024-05-11
True,True,False,03:38:06,20:27:31,10:01:38,2024-08-28,2024-10-16,2024-10-13
False,True,False,03:06:56,23:39:36,18:26:51,2024-04-26,2024-02-26,2024-02-04
True,True,False,10:22:08,18:04:30,13:03:15,2024-09-26,2024-10-28,2024-06-12
True,False,True,06:19:42,09:28:43,06:09:05,2024-08-06,2024-09-19,2024-04-16
True,False,False,12:24:14,20:36:57,16:04:38,2024-03-02,2024-06-04,2024-03-04
True,False,True,23:45:51,13:53:16,17:57:04,2024-02-19,2024-03-29,2024-02-25
True,True,False,16:16:49,10:01:10,14:33:22,2024-03-07,2024-05-16,2024-01-23
False,True,True,15:25:07,19:54:56,14:35:08,2024-11-27,2024-09-30,2024-08-07
False,True,True,15:21:31,04:52:42,10:22:17,2024-12-04,2024-08-28,2024-05-26
False,True,True,16:30:34,03:22:04,09:32:25,2024-05-30,2024-02-14,2024-12-01
True,False,False,05:03:48,22:44:52,08:36:46,2024-08-22,2024-07-02,2024-11-25
False,True,True,16:15:33,02:55:14,10:47:54,2024-08-08,2024-06-22,2024-04-08
False,True,False,08:20:14,05:58:04,10:08:36,2024-11-01,2024-11-08,2024-03-29
True,False,False,16:24:52,12:26:18,14:06:22,2024-10-18,2024-06-28,2024-04-02
True,False,False,16:27:10,22:33:27,04:56:48,2024-04-07,2024-03-06,2024-10-22
False,True,False,06:57:21,06:24:07,15:00:50,2024-09-07,2024-03-20,2024-05-11
False,True,True,19:19:20,15:41:50,00:08:50,2024-12-18,2024-09-06,2024-06-25
True,True,False,18:01:32,02:44:35,04:06:24,2024-04-14,2024-04-18,2024-11-27
True,True,True,01:38:44,14:55:53,18:27:47,2024-02-03,2024-01-09,2024-10-25
False,True,True,04:43:37,18:42:45,21:54:27,2024-03-10,2024-07-28,2024-05-05
True,False,False,02:48:19,10:53:20,15:14:35,2024-05-13,2024-04-18,2024-11-02
True,True,True,12:19:29,23:43:46,23:37:06,2024-07-05,2024-07-04,2024-09-27
False,True,True,13:35:47,07:21:51,02:25:31,2024-04-01,2024-10-06,2024-01-23
False,True,False,17:51:07,22:33:58,15:47:33,2024-10-17,2024-09-01,2024-09-12
True,True,False,00:11:56,10:18:31,12:18:49,2024-07-08,2024-09-08,2024-02-18
True,True,False,07:27:01,07:14:32,10:53:58,2024-02-06,2024-12-02,2024-03-07
True,True,True,18:24:43,09:19:30,19:36:15,2024-08-18,2024-05-24,2024-08-11
True,False,True,13:44:55,11:58:07,02:42:17,2024-06-16,2024-05-18,2024-01-06
True,False,False,19:27:29,22:11:22,15:30:28,2024-05-20,2024-05-21,2024-04-03
False,False,True,05:14:01,10:09:29,01:17:17,2024-02-02,2024-03-12,2024-09-14
True,True,True,03:56:47,11:14:33,11:03:51,2024-01-09,2024-06-14,2024-08-26
False,True,True,14:25:04,04:32:12,23:51:55,2024-10-23,2024-09-22,2024-12-23
False,False,True,17:19:26,02:11:50,18:12:48,2024-01-04,2024-03-10,2024-06-06
False,True,True,04:37:46,14:32:23,09:31:14,2024-11-27,2024-07-16,2024-12-06
True,False,True,18:19:53,14:26:16,02:40:04,2024-05-10,2024-04-16,2024-01-27
True,False,False,03:32:06,17:16:24,10:42:40,2024-10-01,2024-06-07,2024-02-13
True,False,True,16:19:32,05:29:18,16:32:02,2024-06-19,2024-08-28,2024-11-16
False,False,False,05:11:35,07:06:28,13:39:21,2024-04-23,2024-04-08,2024-02-03
False,True,True,23:06:31,12:24:39,00:40:53,2024-03-14,2024-02-06,2024-10-30
False,True,True,14:29:23,19:10:25,21:23:12,2024-07-26,2024-08-04,2024-08-07
False,True,False,21:14:17,12:19:12,02:26:59,2024-12-04,2024-11-27,2024-06-18
False,True,False,22:41:14,05:14:59,05:15:16,2024-03-31,2024-01-08,2024-12-31
True,False,True,14:43:01,00:58:03,22:12:25,2024-07-01,2024-06-20,2024-01-05
False,False,True,06:02:07,07:15:14,08:03:30,2024-11-09,2024-04-21,2024-12-05
False,False,False,03:50:24,05:32:13,15:20:23,2024-06-24,2024-11-29,2024-04-09
False,True,False,08:11:01,04:28:36,19:10:15,2024-01-05,2024-08-06,2024-11-04
True,True,True,01:03:23,07:39:34,07:49:52,2024-05-28,2024-12-11,2024-11-10
False,True,True,20:34:19,21:07:20,04:26:19,2024-01-26,2024-01-30,2024-08-26
True,False,True,11:40:38,05:32:34,17:08:11,2024-05-11,2024-02-15,2024-03-06
True,True,False,10:51:28,21:24:21,06:58:35,2024-08-12,2024-05-25,2024-01-06
True,True,False,15:56:05,19:29:12,01:53:34,2024-09-21,2024-10-04,2024-04-19
False,False,False,13:43:28,15:34:43,22:45:43,2024-02-21,2024-12-08,2024-09-14
True,True,True,08:15:25,02:37:18,06:21:28,2024-07-24,2024-04-16,2024-12-13
False,False,False,12:37:10,18:51:00,17:28:54,2024-11-25,2024-11-01,2024-10-31
True,True,True,22:00:11,21:09:42,20:47:44,2024-09-29,2024-12-03,2024-09-11
True,False,False,00:26:32,23:46:01,14:55:43,2024-01-04,2024-09-22,2024-05-05
False,True,False,21:32:30,19:40:43,15:22:49,2024-02-23,2024-05-14,2024-05-04
True,False,False,03:22:00,10:21:18,07:56:33,2024-07-11,2024-01-02,2024-04-23
True,True,True,02:59:59,02:50:35,08:57:27,2024-08-30,2024-04-22,2024-07-03
False,False,True,11:26:57,12:50:43,11:31:19,2024-07-14,2024-12-31,2024-08-07
False,True,True,13:27:50,06:00:30,14:17:06,2024-11-16,2024-12-15,2024-03-24
True,True,False,21:44:45,13:49:40,18:11:12,2024-08-06,2024-04-14,2024-12-15
True,True,True,19:50:13,02:38:50,13:27:50,2024-01-12,2024-05-10,2024-02-01
True,False,True,16:57:34,14:23:18,06:09:24,2024-12-03,2024-12-18,2024-08-02
True,False,True,09:58:28,21:40:04,20:47:36,2024-11-16,2024-10-14,2024-10-21
False,False,False,16:42:46,09:13:36,05:56:55,2024-08-04,2024-01-27,2024-05-30
True,False,True,09:19:56,10:29:35,07:45:14,2024-07-05,2024-03-11,2024-04-08
False,True,True,11:32:29,02:06:10,07:33:30,2024-02-01,2024-03-27,2024-02-21
False,True,True,10:35:44,01:54:41,23:17:59,2024-02-10,2024-01-20,2024-02-02
True,False,True,19:56:52,13:25:47,06:03:55,2024-09-12,2024-12-19,2024-01-22
False,True,True,11:24:30,03:34:48,23:26:43,2024-04-18,2024-01-14,2024-03-29
False,True,True,14:31:28,15:02:02,11:39:00,2024-01-13,2024-06-14,2024-04-15
True,True,False,03:25:15,14:40:02,16:42:57,2024-03-03,2024-03-02,2024-01-20
True,False,True,23:59:19,22:58:44,22:08:33,2024-06-05,2024-10-27,2024-02-04
False,True,False,13:13:54,14:41:51,13:20:02,2024-09-12,2024-12-12,2024-06-07
False,False,False,21:54:52,15:21:25,13:10:23,2024-06-23,2024-11-02,2024-09-21
False,False,False,16:42:54,06:46:48,08:36:28,2024-07-01,2024-04-07,2024-11-01
False,True,False,22:30:13,11:00:54,06:22:22,2024-05-04,2024-06-12,2024-05-09
True,True,False,23:46:25,08:16:10,20:56:58,2024-04-28,2024-01-22,2024-07-28
False,False,True,03:03:53,21:01:21,09:29:51,2024-03-30,2024-04-16,2024-04-15
True,True,False,05:38:23,13:26:44,18:16:47,2024-04-27,2024-06-27,2024-02-19
True,True,False,19:54:52,02:30:20,10:03:28,2024-02-03,2024-03-03,2024-05-04
True,True,True,15:19:44,18:47:58,17:44:13,2024-08-16,2024-03-21,2024-09-25
True,True,True,13:50:24,22:27:22,12:48:59,2024-03-13,2024-05-03,2024-01-14
True,False,False,18:29:00,07:58:34,18:28:11,2024-09-09,2024-05-14,2024-10-31
False,True,True,08:58:40,02:09:41,01:10:27,2024-05-25,2024-03-23,2024-02-17
False,False,False,13:33:07,02:28:22,06:26:31,2024-12-25,2024-09-23,2024-02-03
False,True,True,20:10:07,22:09:42,00:50:43,2024-11-01,2024-06-11,2024-09-02
True,True,False,13:52:06,21:50:43,08:05:59,2024-02-08,2024-12-25,2024-12-21
False,False,False,04:29:17,05:34:26,16:42:22,2024-11-17,2024-09-23,2024-12-07
False,True,True,10:27:38,22:59:33,07:18:30,2024-06-25,2024-12-02,2024-01-04
True,True,False,21:40:25,03:48:57,05:31:19,2024-03-06,2024-01-10,2024-03-24
False,False,False,03:55:10,13:02:34,07:54:50,2024-07-11,2024-07-04,2024-01-11
False,False,True,03:03:15,18:24:50,19:39:54,2024-10-18,2024-06-21,2024-07-31
False,True,False,14:49:13,10:00:30,13:16:36,2024-03-25,2024-11-27,2024-02-14
True,False,False,02:42:20,02:34:10,22:58:28,2024-08-26,2024-10-19,2024-03-11
False,False,False,03:53:00,04:04:18,10:33:13,2024-09-30,2024-09-06,2024-09-19
True,False,True,03:03:35,01:21:09,21:04:45,2024-06-10,2024-01-09,2024-09-03
True,True,False,09:47:56,14:00:02,14:43:45,2024-02-12,2024-06-06,2024-08-04
True,False,True,13:42:29,22:17:04,07:23:31,2024-12-23,2024-01-11,2024-02-24
False,True,True,23:05:45,23:48:20,13:56:59,2024-02-10,2024-08-10,2024-02-10
True,False,False,00:30:04,06:14:10,09:25:55,2024-08-13,2024-05-28,2024-12-10
False,True,True,08:54:45,14:35:53,14:57:24,2024-05-16,2024-12-31,2024-07-03
False,True,True,23:13:57,14:59:48,13:38:15,2024-11-15,2024-06-25,2024-10-26
False,True,False,11:53:17,01:44:39,22:59:12,2024-12-24,2024-11-17,2024-09-10
False,True,True,09:55:34,13:41:40,04:16:03,2024-08-15,2024-03-22,2024-07-10
False,True,True,15:30:17,11:31:36,12:40:15,2024-02-17,2024-05-24,2024-11-12
True,False,False,10:21:53,15:15:55,10:20:53,2024-06-02,2024-02-20,2024-09-09
False,False,False,00:09:34,22:22:38,14:17:07,2024-03-09,2024-09-03,2024-11-08
False,False,True,13:55:05,20:20:45,14:00:15,2024-04-21,2024-06-25,2024-09-29
True,False,False,20:27:32,23:37:01,20:05:23,2024-05-01,2024-06-16,2024-12-07
False,False,False,11:52:52,04:47:04,15:32:29,2024-05-08,2024-07-04,2024-02-03
False,False,True,13:48:02,20:02:10,17:21:25,2024-01-20,2024-12-01,2024-04-21
False,False,True,20:17:07,12:01:15,01:28:18,2024-10-05,2024-09-10,2024-11-03
True,False,False,07:59:20,16:51:13,23:25:57,2024-09-19,2024-11-13,2024-11-14
False,False,False,01:18:46,17:30:55,09:21:56,2024-07-10,2024-11-23,2024-05-05
False,True,True,14:29:13,12:48:14,22:43:10,2024-01-06,2024-05-26,2024-09-24
True,True,False,16:09:04,00:44:55,20:54:55,2024-06-23,2024-07-04,2024-10-16
False,False,True,03:54:20,02:36:49,04:48:32,2024-05-11,2024-08-28,2024-06-24
True,True,False,19:00:26,18:00:37,21:59:35,2024-04-16,2024-08-16,2024-01-12
True,False,False,14:40:22,09:12:11,11:55:51,2024-03-29,2024-08-30,2024-10-29
True,True,False,23:15:12,15:59:57,08:07:41,2024-09-07,2024-10-16,2024-12-13
True,True,False,17:59:11,02:00:09,22:36:05,2024-06-29,2024-01-11,2024-02-04
True,False,True,02:42:08,00:47:19,20:34:21,2024-04-27,2024-02-19,2024-01-31
True,True,True,09:11:50,21:20:30,06:41:15,2024-03-20,2024-04-12,2024-09-25
False,False,False,10:34:04,06:04:32,00:38:42,2024-10-26,2024-08-05,2024-05-24
False,False,True,18:46:49,07:58:04,09:38:46,2024-05-07,2024-05-05,2024-05-15
True,True,True,07:02:02,23:30:37,18:42:51,2024-02-10,2024-06-11,2024-06-04
False,True,True,20:28:19,23:40:17,19:55:10,2024-05-27,2024-04-05,2024-12-15
False,False,False,00:20:27,02:59:07,01:38:40,2024-11-22,2024-08-02,2024-09-07
True,False,True,13:17:03,17:14:58,22:00:08,2024-12-28,2024-12-15,2024-04-01
True,True,False,12:19:07,21:05:50,13:57:17,2024-06-08,2024-02-21,2024-03-31
True,True,True,16:52:19,04:54:55,12:40:54,2024-01-03,2024-02-04,2024-07-07
True,True,True,15:13:00,19:21:40,02:24:45,2024-07-30,2024-04-18,2024-11-25
True,False,False,07:01:46,22:25:32,04:58:48,2024-01-20,2024-07-17,2024-02-16
True,False,True,18:16:35,03:11:38,23:15:06,2024-01-17,2024-12-16,2024-10-30
True,True,True,23:44:50,21:25:26,02:07:52,2024-11-06,2024-03-01,2024-11-16
True,True,True,17:25:19,11:28:05,14:52:16,2024-07-27,2024-02-01,2024-02-07
True,True,True,22:39:44,11:01:50,14:56:02,2024-04-08,2024-05-26,2024-07-02
True,False,False,18:00:02,01:40:17,08:43:10,2024-02-02,2024-03-07,2024-06-04
False,False,False,02:49:58,03:04:32,07:53:21,2024-04-25,2024-02-17,2024-12-06
True,True,False,05:19:12,04:46:02,09:20:00,2024-01-29,2024-01-20,2024-10-26
True,False,False,02:35:36,22:07:38,05:25:20,2024-07-20,2024-12-12,2024-06-27
False,False,True,16:00:21,16:45:24,08:17:33,2024-05-07,2024-12-31,2024-09-18
True,False,True,01:48:44,20:51:09,10:15:51,2024-09-01,2024-09-11,2024-11-06
True,False,True,11:09:04,02:22:20,19:58:10,2024-01-24,2024-08-01,2024-06-30
False,False,True,18:19:14,12:06:49,12:36:00,2024-11-08,2024-11-10,2024-10-07
True,True,False,20:46:11,07:32:00,14:09:29,2024-01-11,2024-04-30,2024-01-31
True,False,False,07:47:24,06:41:40,03:00:03,2024-06-29,2024-08-07,2024-09-25
False,True,False,20:27:40,08:47:11,06:51:50,2024-08-17,2024-03-20,2024-11-01
True,True,True,13:23:24,01:11:01,13:34:40,2024-07-05,2024-03-18,2024-04-14
True,False,True,05:26:05,00:20:05,10:00:40,2024-05-22,2024-12-05,2024-06-08
False,True,True,22:09:03,06:31:11,02:20:00,2024-12-15,2024-11-24,2024-01-10
True,True,False,14:04:11,07:59:23,03:02:56,2024-10-28,2024-04-11,2024-05-08
True,True,True,02:10:44,14:50:21,11:52:16,2024-05-19,2024-04-29,2024-11-12
True,False,True,14:22:41,18:11:14,02:06:30,2024-07-19,2024-07-25,2024-11-30
True,False,False,05:20:08,23:12:34,09:39:49,2024-03-18,2024-08-28,2024-06-23
True,True,False,03:56:03,19:30:53,10:30:52,2024-03-24,2024-03-29,2024-01-11
False,False,True,00:04:46,03:57:34,04:16:12,2024-03-14,2024-07-28,2024-10-25
False,False,False,15:21:59,16:02:28,17:54:16,2024-07-20,2024-09-07,2024-12-08
False,False,True,22:10:49,21:32:19,00:36:38,2024-03-11,2024-04-01,2024-10-06
False,True,True,13:06:15,01:38:23,02:59:23,2024-01-12,2024-01-01,2024-05-28
True,True,False,15:57:08,09:00:35,23:31:46,2024-06-05,2024-11-23,2024-10-01
True,True,True,07:17:56,16:07:01,17:05:03,2024-12-15,2024-02-25,2024-01-18
False,True,False,06:49:01,12:52:54,13:29:01,2024-12-15,2024-05-28,2024-10-27
True,True,False,03:15:34,15:26:12,10:51:50,2024-03-27,2024-07-31,2024-07-13
True,False,True,00:39:21,14:18:55,18:57:46,2024-02-06,2024-07-26,2024-01-05
False,False,False,12:00:06,08:06:51,03:46:51,2024-01-19,2024-08-28,2024-04-20
True,False,True,18:03:45,06:36:51,01:43:28,2024-08-05,2024-08-06,2024-12-09
False,False,True,03:25:07,09:41:55,01:17:52,2024-01-28,2024-05-07,2024-06-03
False,False,True,09:16:27,09:30:32,02:08:07,2024-12-05,2024-04-28,2024-07-01
True,False,True,19:13:43,12:17:16,02:18:55,2024-02-17,2024-11-25,2024-04-09
True,True,True,17:38:57,09:19:10,12:11:37,2024-05-26,2024-04-15,2024-08-20
False,False,True,21:04:09,15:00:27,01:32:13,2024-07-10,2024-09-01,2024-08-17
True,True,False,19:04:41,06:03:38,09:26:18,2024-11-16,2024-11-06,2024-07-14
True,False,False,11:25:42,00:07:31,12:14:35,2024-04-22,2024-12-02,2024-06-10
True,True,False,00:16:28,11:33:32,20:32:58,2024-02-02,2024-03-25,2024-12-15
False,False,True,20:42:09,21:08:51,04:36:14,2024-08-25,2024-06-18,2024-03-13
True,True,False,02:00:11,09:22:23,02:18:56,2024-07-18,2024-06-23,2024-12-30
True,True,False,20:59:07,06:21:05,09:09:01,2024-06-26,2024-12-07,2024-03-31
False,True,True,01:11:04,10:21:17,15:23:25,2024-03-17,2024-01-08,2024-05-05
False,True,False,06:46:48,13:28:39,14:23:36,2024-01-12,2024-08-24,2024-02-05
True,True,True,11:23:50,04:46:18,21:35:22,2024-01-20,2024-05-25,2024-09-29
False,False,True,15:44:33,19:13:46,13:51:32,2024-06-16,2024-07-01,2024-07-22
True,False,False,04:37:50,01:00:58,10:04:49,2024-01-30,2024-08-02,2024-12-24
False,True,True,15:56:24,08:43:34,07:52:20,2024-08-07,2024-04-12,2024-12-10
False,False,True,04:43:59,00:57:13,04:39:52,2024-12-15,2024-09-03,2024-08-27
False,False,True,03:35:45,01:12:46,00:20:21,2024-11-28,2024-10-29,2024-03-17
False,False,False,14:58:38,08:06:04,21:43:03,2024-04-28,2024-10-26,2024-04-28
True,False,False,16:38:27,01:14:14,13:14:50,2024-04-30,2024-12-15,2024-11-08
True,False,False,15:47:03,09:40:46,01:13:55,2024-03-01,2024-05-26,2024-11-25
True,True,True,03:39:42,10:02:54,01:10:00,2024-11-02,2024-10-06,2024-02-07
True,True,True,04:13:42,07:58:01,16:30:33,2024-12-15,2024-07-05,2024-09-28
False,False,True,07:15:45,01:16:03,09:35:58,2024-08-16,2024-05-16,2024-02-26
True,True,True,19:58:10,00:46:17,16:16:10,2024-09-05,2024-02-05,2024-09-25
False,True,True,04:56:54,09:40:57,10:50:44,2024-01-13,2024-09-06,2024-08-26
True,True,True,00:05:07,04:07:01,23:59:48,2024-01-24,2024-06-29,2024-09-28
False,True,False,21:57:48,01:56:27,16:48:45,2024-01-16,2024-12-31,2024-12-15
False,True,False,19:05:55,22:04:03,15:45:59,2024-07-18,2024-11-13,2024-08-16
True,True,False,01:37:26,07:07:48,10:50:04,2024-01-31,2024-10-31,2024-01-17
True,False,False,02:09:05,18:28:09,22:44:43,2024-08-28,2024-10-30,2024-10-16
False,False,True,16:00:46,09:42:24,18:22:48,2024-04-15,2024-04-13,2024-03-12
False,False,False,12:19:22,04:28:27,19:26:50,2024-09-22,2024-07-11,2024-02-13
True,True,True,12:42:22,22:22:50,15:31:07,2024-10-01,2024-05-31,2024-04-03
True,False,True,07:52:31,19:02:09,15:52:26,2024-11-08,2024-10-09,2024-06-14
True,True,True,12:02:50,18:33:51,23:32:20,2024-01-18,2024-03-28,2024-02-21
False,False,False,10:05:13,17:54:29,05:09:37,2024-04-29,2024-11-18,2024-03-04
False,True,False,14:54:47,02:07:01,00:43:17,2024-06-01,2024-01-22,2024-12-19
