stock_inicial,stock_final,cantidad_optima_pedido,stock_minimo,stock_seguridad,stock_real,stock_teorico,cantidad_no_suministrada,cantidad_solicitada,valor_bienes_vendidos_anual,valor_inventario_promedio,valor_economico_referencias_vendidas,numero_articulos_devueltos,numero_articulos_vendidos,cantidad_inventario_vendido,cantidad_inventario_recibido,numero_pedidos_pendientes,numero_pedidos_totales,numero_articulos_servidos,numero_articulos_no_servidos
1698,1076,152,110,32,963,858,6,345,139488,45940,46646,28,166,392,605,49,279,175,0
1777,925,452,97,91,1576,781,35,205,187919,10709,27892,30,118,219,1362,44,179,66,36
953,1661,170,94,62,1187,1744,3,110,111551,28305,30170,30,234,303,934,13,293,121,33
1942,1672,312,126,51,517,1501,10,88,169627,34067,24773,1,498,320,1321,32,255,329,31
1348,856,443,143,47,926,1958,41,138,73633,28814,17336,24,79,259,1719,25,476,91,10
679,1916,415,78,79,597,1474,20,244,152933,43289,44118,29,342,249,1293,22,324,407,23
548,1209,457,113,27,1935,1965,43,120,164919,43794,25228,35,172,447,1554,31,104,211,7
559,1579,385,103,59,637,1927,10,193,66966,29493,30806,49,292,157,1583,44,206,230,32
1186,579,252,66,76,855,1061,30,239,174815,27074,18001,19,427,319,668,19,281,371,49
1010,1510,435,71,28,864,1509,41,319,140934,18190,40871,9,465,139,1308,8,184,396,40
937,1850,117,123,95,1434,1594,41,458,65204,23616,16365,25,113,446,1957,17,463,492,37
1115,1734,297,72,83,1059,1250,36,67,56677,33181,40557,10,452,366,1247,19,313,464,43
715,582,152,54,84,1348,1581,45,291,149814,29561,29640,3,418,385,729,34,136,451,13
1094,1525,171,61,96,602,833,6,487,70662,23363,24540,12,384,336,1258,45,245,169,34
1406,1334,197,149,81,1896,1962,29,88,61807,36222,37197,39,254,148,1777,14,294,375,9
1512,1483,307,62,28,1188,545,1,488,78978,23915,30986,5,467,177,1900,2,364,233,45
548,732,409,54,98,1379,1070,25,423,123867,32241,41159,44,354,228,936,14,487,159,8
533,1436,160,128,99,1186,1392,20,154,128884,15887,22992,21,408,427,979,41,229,81,5
1411,1052,297,137,20,1471,1750,21,141,182704,36946,44445,20,175,287,1831,22,107,59,43
1261,1047,113,140,54,950,1472,11,416,137213,45930,12481,29,445,132,581,20,364,458,41
1153,1812,133,122,54,1638,1866,18,378,142794,40798,49456,0,195,147,1511,3,329,111,36
1914,889,244,127,69,1955,1315,41,153,77205,13279,27543,48,122,391,839,11,190,55,19
1258,1897,354,112,86,1470,957,9,277,123295,32467,20938,17,454,207,1737,46,359,488,34
1618,1649,499,71,41,1252,582,48,386,102554,41192,47592,38,188,149,1878,37,272,205,9
748,1785,134,109,20,1564,869,31,126,187198,29946,16212,49,327,256,715,4,328,488,8
1336,779,189,117,77,1250,1285,4,355,192498,27228,16355,6,283,278,1811,29,471,427,7
1445,942,284,77,58,1672,996,31,466,117478,40151,26273,22,493,474,1461,9,232,431,20
1979,1945,418,70,33,868,1052,30,150,188843,47901,17299,16,398,146,947,6,243,471,39
932,1966,354,80,30,1756,1223,38,92,154652,18754,43133,44,369,131,1733,1,313,480,26
1490,685,395,83,92,1827,1830,10,104,169788,38969,13243,43,290,479,1448,38,450,245,16
1521,1936,344,114,59,1484,1142,46,144,72832,46022,31348,13,339,198,935,10,220,455,33
508,580,174,54,46,1404,1334,28,284,142545,42855,30328,41,392,249,1969,39,381,98,45
842,1865,305,58,74,840,1256,38,139,65641,18025,15471,48,267,423,1021,39,351,430,42
1926,1516,374,86,22,1179,549,44,208,138783,36704,42138,44,210,295,1803,33,190,496,40
875,735,114,52,39,979,1285,14,87,183483,32839,18158,29,459,232,531,47,378,267,33
1288,1038,391,89,21,1731,1242,40,355,50725,16380,37342,27,459,178,1589,22,288,396,8
1739,1874,459,67,62,1939,996,15,341,184442,36999,28833,0,51,126,798,41,117,462,40
904,1483,326,135,60,1297,800,39,370,71824,22017,19114,42,122,212,1168,49,202,155,18
1705,1378,170,84,98,639,1589,21,166,156566,49688,11506,28,470,321,674,36,220,437,10
1928,1537,149,119,65,1227,1333,25,148,136591,23792,15786,20,248,355,1734,23,244,304,7
1719,1010,265,95,61,1949,749,44,176,90245,29392,36473,36,301,479,1680,22,429,124,41
1427,1531,310,77,64,1462,984,33,153,61124,13448,24103,15,108,273,911,35,197,189,27
936,1405,340,100,58,1013,924,40,441,120815,31740,48325,7,337,218,1382,0,339,429,5
1426,1818,498,105,36,1202,634,7,353,177595,32247,46014,4,317,239,801,9,133,309,36
1250,1883,259,81,20,829,630,42,118,108064,40910,37605,39,342,304,1665,38,103,111,42
1503,1488,436,100,74,954,652,25,293,177071,19667,18323,13,145,278,758,0,366,112,18
599,1394,467,85,73,1536,764,4,233,80221,27642,17527,23,156,228,895,49,243,373,11
1920,1656,440,59,83,972,1795,10,85,129307,29635,48627,34,219,338,737,26,380,422,9
1538,999,335,65,41,1323,794,6,476,90647,40416,43035,16,99,435,1163,6,111,214,27
1711,874,361,145,57,1722,1229,19,460,161167,35247,20093,28,124,229,1905,15,159,59,22
939,1847,406,53,73,1223,764,14,59,72346,24117,46333,1,124,464,1790,33,228,174,14
1953,1283,198,138,94,1048,517,23,172,77529,44149,47128,38,201,129,1753,14,156,469,44
1497,592,482,108,39,525,1476,30,462,127288,31491,48252,41,471,270,1693,28,239,192,43
1573,1606,315,73,41,1419,1162,28,191,124286,16768,40682,39,150,106,780,36,185,189,48
529,1136,393,90,21,1572,1626,11,430,101359,41553,40681,31,71,445,1544,1,491,253,32
1025,598,383,128,60,1311,641,14,433,126272,31549,37341,41,483,198,773,5,286,87,10
1712,1038,108,61,95,1905,1924,6,311,185732,29412,45154,8,262,136,1298,39,264,292,0
1523,1494,306,137,36,1460,1852,20,351,61316,41628,42200,26,103,347,501,46,298,435,28
1063,649,136,96,90,1273,1100,48,55,54643,23290,10527,34,451,136,1931,34,229,283,23
1213,1374,297,135,94,1882,1556,11,261,137460,17974,20868,21,281,258,978,23,277,243,46
1608,782,374,52,21,1732,731,16,240,141540,34300,10167,3,141,342,1767,35,308,305,21
757,969,291,89,22,945,1673,3,336,55783,27060,11551,33,201,307,1196,14,406,79,12
788,862,355,107,88,819,694,17,476,121521,26706,33387,15,64,123,841,8,390,473,7
736,1365,246,106,83,595,1450,36,380,160057,13184,25409,1,173,462,1958,25,381,306,42
1628,799,339,121,65,1662,1542,22,376,112357,19216,12215,15,170,213,1368,32,290,489,13
1295,986,430,71,98,567,1323,2,131,174279,30478,47654,44,185,402,1704,30,476,90,2
993,1816,302,137,34,1645,867,29,214,135587,37851,33713,38,166,385,770,4,109,323,15
1976,1825,175,84,24,1607,1546,16,385,165669,33759,24891,27,405,384,1486,16,257,109,19
935,1200,229,70,48,895,1154,22,281,77544,45616,22727,32,482,288,612,43,211,495,16
1031,892,185,53,73,648,1308,44,174,187303,46415,26696,29,144,447,911,31,216,201,47
1827,1298,289,59,34,1359,1194,48,398,185409,22846,30459,30,237,269,832,0,305,355,31
1133,1941,185,95,87,1009,580,15,222,159939,23883,29679,49,399,475,1396,38,395,105,47
1560,514,494,110,72,1351,1032,45,415,77785,27633,14430,8,386,132,677,40,134,183,48
600,1148,430,86,49,1904,1278,16,301,96606,29270,45410,21,71,197,741,27,309,471,41
635,1568,186,130,29,1015,779,26,139,129162,21441,34751,42,265,404,672,33,256,250,41
1004,1499,167,116,52,1093,964,6,340,173339,36795,49297,34,220,373,1920,19,164,175,44
1215,1300,360,137,91,843,1893,38,210,109067,19902,10408,19,497,205,1982,44,176,110,11
1710,1882,324,130,79,1379,1540,31,113,174101,36406,38493,27,230,164,1294,31,411,450,18
522,1106,351,87,90,802,1975,41,337,160108,18427,12279,3,426,199,916,0,235,392,44
1527,1609,486,136,89,1114,1072,8,265,124511,13961,32302,49,113,421,1248,40,141,275,42
699,1380,248,96,31,1866,641,32,402,82192,37324,33780,29,193,251,609,16,106,120,16
877,613,410,90,92,1137,1736,10,470,95528,17295,40213,22,275,376,645,33,269,240,33
963,1253,469,68,51,1976,1806,36,440,133203,12987,12884,15,257,386,556,27,482,186,3
1557,1355,440,54,47,570,505,30,58,185924,35118,12678,27,305,492,903,32,470,299,37
996,655,423,86,45,1398,1583,23,148,182556,20650,11445,31,305,284,1476,27,241,413,27
1360,632,409,108,49,1446,1733,25,203,163903,23907,40274,33,144,405,1643,44,183,72,20
747,553,147,68,85,1037,1469,24,73,175498,13596,30028,40,278,199,1880,36,487,228,34
1179,657,373,143,89,869,1326,41,100,108296,48063,42081,21,389,335,1108,23,114,354,48
742,1174,143,73,69,860,1759,12,161,120877,19085,13303,9,327,211,1578,36,160,445,15
909,586,119,72,50,782,1179,31,101,172136,47811,38651,35,206,133,1275,5,420,376,38
1483,1333,424,133,30,687,1198,38,492,155149,22850,41006,7,201,367,1003,22,156,380,37
858,1797,141,129,42,1714,1207,23,336,191428,29113,48597,18,96,474,884,9,190,429,49
1105,1982,140,103,69,1046,1665,47,314,183141,37162,26104,2,107,439,1560,6,321,372,13
511,769,340,118,70,1691,1102,25,116,103560,41752,22739,8,192,281,1550,8,345,461,34
974,1970,122,104,70,1147,1104,33,419,70061,41402,10111,18,229,437,1386,2,111,191,22
1278,1891,268,54,37,1884,564,1,306,85533,42066,34514,34,380,466,1137,12,216,143,48
1745,768,357,52,54,547,1827,22,284,118513,15891,27287,12,362,398,1696,35,181,300,6
1000,1301,387,126,63,1472,657,11,122,129577,43067,23114,1,283,357,1312,42,481,195,44
733,1167,173,147,70,1165,642,17,60,98247,16108,43670,43,242,454,1544,34,369,137,32
618,846,152,116,27,802,1724,48,335,139602,45240,14756,28,115,228,584,47,497,179,30
1293,1754,422,116,87,956,1232,49,229,99529,11763,17951,29,70,280,1215,37,435,112,34
1708,1900,179,115,32,1513,513,5,146,147327,13955,19272,25,276,404,1066,8,315,398,20
819,946,338,51,81,1628,578,14,263,120190,28651,42742,18,226,189,1053,35,307,77,39
1716,569,403,99,35,526,628,24,415,153271,21037,18046,34,182,305,608,25,223,380,16
1216,708,407,80,67,1422,609,0,126,145700,30376,40430,27,333,390,1135,40,388,398,4
895,1669,239,101,44,1619,1305,48,127,52050,39071,41021,46,272,445,1618,12,343,353,37
629,1812,175,102,47,1583,1258,30,275,163404,29852,23497,6,428,446,1852,37,491,247,43
991,597,185,95,50,773,925,15,269,189098,20686,31142,2,234,260,1703,10,214,432,10
1238,1231,143,126,81,1858,1396,22,480,90051,33716,25305,36,425,364,809,13,323,237,46
765,1558,154,107,48,1165,1145,47,257,127922,30032,15428,14,89,247,1863,10,350,199,42
1533,1115,402,73,55,851,1074,25,293,144389,21805,14830,42,64,377,1734,2,335,113,12
1109,1915,232,63,79,501,1253,11,294,156463,26998,15827,23,372,337,925,28,227,335,26
679,1111,457,91,41,1699,923,30,147,55137,26003,16864,6,140,233,1257,1,353,381,1
770,1672,401,87,81,1190,1348,6,52,76011,42692,12863,6,182,447,1716,5,271,360,1
657,1685,281,141,68,1253,1771,30,381,57854,28008,38527,3,444,139,876,42,330,204,2
989,718,166,51,47,1545,1577,47,158,59959,11666,36752,43,422,349,605,38,389,296,31
1311,859,295,78,52,1299,622,14,412,128694,12061,47169,5,453,141,1450,31,470,387,27
1425,1917,478,62,71,1513,1756,7,193,147884,46698,15632,42,128,143,1309,36,287,402,14
1698,1909,474,126,25,748,1132,17,157,99501,16741,20519,21,430,245,1229,22,422,269,32
1139,1994,127,122,68,1004,918,11,231,168285,29691,36044,11,430,220,1452,36,321,144,46
1680,734,349,121,70,1851,892,44,169,93797,37837,45757,4,195,409,1663,35,160,99,0
1349,1208,207,125,51,1090,1665,14,426,147075,14455,20784,32,453,283,1193,41,114,419,12
1833,532,375,62,97,1954,1077,35,147,120331,42507,34413,49,98,446,944,21,430,416,34
1192,1780,328,62,53,948,638,28,467,116791,13521,32573,27,370,158,1134,34,317,466,5
1059,1298,313,140,29,1443,814,21,384,71454,32340,16630,11,59,266,1944,4,148,142,2
1540,1136,331,71,27,1063,1691,11,102,86155,13249,24872,33,201,287,874,3,150,226,3
801,623,220,84,60,913,1466,29,479,183222,10812,47778,43,302,483,1333,33,100,301,39
632,1424,322,67,49,1972,1542,32,51,139547,47454,39154,18,312,322,1580,43,398,440,47
1311,1242,413,90,51,726,769,19,208,67393,17257,12965,19,72,245,1023,19,304,274,14
1059,1090,231,60,20,1687,1628,18,166,192391,35531,48732,24,362,334,1297,37,147,366,5
870,1235,275,142,88,951,1885,21,139,118811,38438,14109,43,347,351,1365,8,335,288,45
1413,1010,371,79,46,608,1680,32,219,101668,32678,49473,8,461,122,865,44,282,239,0
566,710,419,66,71,1519,1407,20,487,112042,35069,21726,11,464,201,953,28,344,227,5
873,1926,412,99,91,1479,1748,11,179,55649,34881,26391,13,122,393,1357,39,244,247,4
1495,580,452,91,94,646,1230,21,274,127383,18070,21959,36,393,120,1434,9,251,358,46
1196,1429,152,89,67,1415,1025,44,159,50783,43143,35930,44,182,472,773,36,303,242,21
1649,984,419,70,21,1499,544,0,241,87652,18045,10257,10,139,433,807,16,375,483,15
1389,1647,231,137,36,1438,627,11,377,138197,27185,37157,8,393,170,1426,39,478,403,44
1220,1195,268,137,48,1050,622,18,58,87130,14468,38404,40,249,104,1143,37,385,462,1
1127,1922,436,94,38,1808,1942,9,490,142086,18983,21092,24,87,200,1686,22,493,75,42
722,1700,337,50,38,1290,980,42,115,155519,47829,46611,25,485,137,865,0,289,456,39
1500,811,376,115,39,1694,848,8,256,72116,46101,29495,19,454,295,992,40,471,227,12
1733,1303,121,102,60,1083,1788,10,363,196836,30342,49923,45,143,346,805,49,462,406,6
1221,1504,225,144,93,686,763,35,427,83142,28213,44328,28,58,436,824,30,236,123,32
1459,1247,338,135,76,1121,1550,4,344,135570,12672,38011,9,450,167,1533,9,158,182,27
1797,1591,337,102,64,1497,631,32,460,178434,38808,15685,12,452,163,1905,5,456,260,17
1449,1543,317,64,91,1094,1574,11,485,57310,29825,18518,25,284,260,1427,9,224,354,48
996,686,316,94,20,1157,1476,7,425,127623,30874,25745,9,393,370,1605,41,486,415,17
1939,1747,437,131,33,1016,988,45,187,109994,36698,29165,33,293,356,1390,48,158,135,28
1957,990,135,140,33,1461,1524,8,89,124482,44582,38866,43,220,421,635,31,289,398,0
1723,1617,223,137,93,1642,968,47,153,107738,31894,49280,18,402,458,1920,12,127,173,47
1822,855,468,118,45,1983,519,2,182,177193,15457,16130,19,190,101,1837,5,273,344,43
871,1848,170,98,33,1886,716,43,120,158984,17970,24418,30,203,196,708,18,215,205,25
1387,1112,356,71,79,1412,851,21,125,71894,23299,11946,21,204,367,1983,13,392,379,42
1664,1829,289,116,31,1913,1274,43,323,65939,46424,49811,24,374,310,1347,17,361,163,22
1498,1746,377,71,81,1427,1593,49,452,190139,36453,42038,16,468,345,1844,2,453,97,31
670,1059,467,108,32,1884,877,11,284,107723,46488,16922,18,337,200,1851,19,294,119,11
1968,1078,163,77,55,1192,844,15,228,178676,12991,22690,13,135,348,756,7,492,234,26
1636,1054,267,113,41,731,856,0,219,59306,45821,43639,3,146,204,1855,2,294,83,37
1538,969,210,70,35,1926,1822,26,357,167756,36058,12262,0,343,272,1537,40,201,185,5
1345,735,164,116,91,1609,1247,38,478,187924,27107,37887,43,79,471,1830,29,456,224,31
765,816,103,102,52,721,607,17,385,56213,41138,37733,27,165,180,1795,4,293,298,46
721,672,148,136,25,1998,514,48,270,62625,45701,11924,35,452,318,1517,18,416,96,27
893,1886,426,87,73,778,865,14,478,50079,12907,34139,4,100,266,1072,21,134,316,42
1407,1857,134,118,30,1343,1698,14,497,188549,36588,48468,31,466,265,1042,23,227,283,11
677,1955,431,89,68,1816,1782,48,143,194174,46773,22244,24,250,315,656,2,133,142,2
512,1292,365,84,85,1897,1369,47,383,84661,16275,10210,7,201,362,1846,6,175,393,21
920,872,405,78,59,1193,1667,42,416,136991,18427,16822,41,480,128,573,26,111,394,30
720,1950,183,96,20,1164,1723,33,134,176717,20322,25946,12,471,252,1708,21,352,149,8
718,1355,145,138,22,796,520,7,395,64572,37261,38942,36,374,137,1402,24,422,496,8
1368,801,236,86,31,1439,1381,24,110,145404,39469,15814,21,492,259,1625,44,190,354,45
1662,1739,242,60,21,571,1237,0,470,173693,13605,13435,49,246,477,1505,13,213,196,28
1943,1496,338,97,63,1809,1722,1,267,197709,37293,39545,11,391,270,1767,40,207,174,7
1643,1790,284,84,64,788,1590,47,498,123411,38169,23758,11,197,453,863,6,360,67,30
671,1751,163,87,23,658,788,47,450,163543,35941,27281,11,456,294,934,22,477,212,25
1129,1355,382,107,23,1857,951,1,480,99981,19258,39716,14,115,175,793,6,122,424,33
1513,1542,105,124,67,1823,830,7,263,137729,13013,40584,33,166,310,1984,7,196,82,41
561,636,205,134,20,907,1766,2,252,187927,49186,10633,11,245,191,1718,21,324,198,41
1507,1184,204,149,93,1596,1178,33,106,63777,12687,35163,40,454,254,962,41,431,165,31
1383,771,372,139,54,1023,1281,5,453,74124,22796,15324,48,95,492,1225,21,379,66,42
1724,1501,163,96,80,910,753,5,334,165729,14581,37270,38,447,114,522,31,220,270,27
967,1663,491,80,39,1462,1419,17,118,86150,16619,25046,24,491,499,807,10,301,258,47
1299,1402,109,144,48,1326,1884,4,475,79071,15998,36453,3,194,411,664,40,171,146,42
1647,1848,237,64,49,1958,1471,47,475,139307,32539,29470,2,71,130,818,17,372,167,34
1551,1938,394,146,65,1047,1008,5,485,155142,21293,45351,23,416,334,569,10,183,401,33
987,888,350,92,54,1093,1986,13,113,73491,23049,17943,41,272,144,504,34,375,233,42
1051,1840,166,149,54,1884,659,5,263,180158,31628,25961,39,373,161,1313,13,192,482,46
560,1344,315,110,91,1215,1447,21,356,145631,21391,47710,18,86,460,1769,0,279,158,4
684,1286,477,98,45,1814,1087,31,360,133981,24025,48238,31,198,378,645,2,161,400,3
501,1143,328,112,56,1838,1561,34,357,177523,36322,20318,12,495,361,1035,27,414,161,27
1701,647,153,88,58,1224,702,10,377,92424,37694,15510,34,391,314,529,39,261,197,45
1172,1306,352,71,98,896,1248,8,137,80554,27784,14096,12,397,376,1384,14,188,446,8
510,1018,347,144,95,810,1991,43,454,111680,27148,22225,30,335,402,1619,30,138,395,21
1327,878,172,95,51,1914,1979,37,450,111589,20696,39877,26,66,279,1272,28,163,248,38
1210,1739,360,107,84,888,1753,33,485,109238,13334,12723,35,294,280,1327,30,223,413,14
598,1469,415,130,88,1665,1976,30,295,196510,29195,26499,23,231,293,690,10,384,250,5
1907,1567,433,106,78,1746,521,41,236,158313,13387,33251,1,221,166,999,42,306,62,26
847,559,319,96,53,569,1518,6,264,58576,10604,30678,34,421,139,1369,16,278,178,2
911,973,453,82,32,1244,906,42,377,108041,34622,18912,30,414,215,770,1,265,354,36
1711,825,300,74,30,1345,1113,30,314,132844,26510,15676,1,192,417,790,35,168,377,47
1418,1891,185,98,24,1012,1080,14,291,171251,12037,14070,20,190,242,1621,34,467,422,0
804,1933,435,144,27,1363,1248,38,297,90957,43542,15555,1,179,413,1512,34,126,205,41
1323,1687,351,117,53,799,1824,28,85,176585,46359,15762,38,391,224,1412,41,306,249,25
1220,1050,222,108,26,554,1483,46,87,94310,31463,38030,12,281,302,1070,23,317,279,27
1810,1049,240,133,28,1456,526,38,118,170571,35659,19392,41,156,357,1805,14,131,359,46
1851,1104,486,104,84,1701,856,24,109,191887,11709,33646,34,67,470,909,40,157,172,15
987,1731,254,68,66,1151,900,4,303,197990,18961,10377,34,333,394,1547,0,349,466,25
1867,1144,475,118,71,1577,1410,20,367,67526,48598,30915,22,178,230,1822,46,316,133,32
1041,856,381,86,69,1203,623,21,474,77310,40655,38858,42,136,246,1195,12,334,388,0
1426,1796,223,88,95,609,838,39,205,195591,22472,32815,11,304,392,1419,17,142,212,30
1381,510,254,91,77,1012,1441,35,393,157592,26802,13364,6,107,155,932,5,350,120,34
1419,1629,361,54,21,1087,684,2,70,176837,43926,48865,22,134,271,1733,20,471,481,21
1787,744,187,71,75,1929,1703,8,182,105959,44664,22038,21,244,279,1387,3,265,427,23
1584,1218,152,98,64,1272,1523,48,55,168692,43463,13038,17,111,118,1534,41,184,215,33
1304,1383,467,135,79,672,1747,46,219,139660,14937,41058,21,131,193,1840,14,264,166,28
1417,1658,141,100,53,1443,1446,15,166,133206,46094,14686,25,341,146,1110,30,480,402,27
1031,1660,367,140,40,1839,713,24,201,113416,49368,12342,11,141,175,1674,16,174,165,35
1787,1233,433,79,91,758,1624,49,427,124221,15180,28054,47,63,261,817,25,340,224,9
1420,1140,183,57,98,1576,1086,14,394,91481,40588,14219,31,378,223,1164,10,481,318,46
1864,1494,248,73,67,1584,1612,21,477,51751,12152,42823,22,67,203,1413,33,129,458,2
1670,1594,330,95,39,904,1045,31,274,179416,42416,38891,0,441,449,1099,0,283,372,40
1162,1311,353,92,88,1467,1420,48,366,89123,13626,43138,41,53,394,1866,7,257,158,19
1841,1093,194,147,87,1814,928,7,159,191066,27066,30071,1,132,179,542,12,303,498,48
534,1045,203,128,95,1550,806,45,424,56544,40669,21103,32,414,144,1869,18,413,461,40
1006,1424,329,94,47,750,1986,31,424,167719,39706,22931,37,284,354,1488,1,111,58,45
843,1728,333,62,77,1719,513,41,439,149623,22414,13812,41,133,341,1489,35,383,489,20
682,1099,205,135,59,1433,1647,31,267,139159,35386,21565,4,360,334,1319,34,175,103,42
1655,867,237,113,35,1334,1490,9,288,82409,19051,47794,7,100,423,857,17,370,222,31
1351,1181,334,104,57,1303,709,49,267,78404,29133,13465,20,316,129,1873,30,145,60,32
818,769,319,127,98,1212,726,46,453,140162,34499,42938,29,301,337,798,18,207,432,40
1776,1437,414,142,34,1564,648,27,433,185673,12994,47040,1,324,130,1889,8,410,124,2
950,753,184,99,57,1792,1760,19,407,152760,43935,48242,17,154,444,1042,36,145,98,40
965,702,404,73,79,1229,1635,15,490,89336,16447,26419,37,128,387,1183,17,114,148,34
569,955,198,112,28,776,865,25,287,189946,15100,10088,32,121,413,1578,0,131,248,20
1586,761,328,136,45,1537,1515,17,200,136259,48593,13600,0,496,427,934,23,439,230,38
986,1970,496,51,31,1236,1601,13,415,135539,29381,34188,6,435,473,638,42,476,267,10
1976,1729,275,92,54,1839,806,24,491,135526,14107,30066,2,455,124,1860,17,432,241,1
1824,1570,182,131,98,1249,535,18,357,188312,39231,41827,25,475,390,862,3,275,62,43
617,1257,239,99,29,1344,1599,34,300,153574,27126,49339,38,55,255,1857,48,242,52,23
1629,1465,320,134,90,1621,1527,8,320,52553,30315,43667,16,198,297,916,47,180,142,48
824,1292,406,78,55,1689,1316,3,451,61995,23486,33212,7,450,235,1323,11,184,124,0
1072,1846,323,121,88,1890,1134,38,398,168571,41138,40325,1,207,327,1087,42,238,133,23
1532,1976,184,64,48,1214,978,39,386,199241,20905,22018,22,413,467,1783,40,113,56,25
795,1971,395,147,47,943,758,11,243,146685,12428,48706,8,449,448,1276,14,291,124,34
1951,1425,124,136,90,1051,1184,40,406,86286,31804,44934,3,70,479,1261,18,156,103,27
1272,1473,465,145,21,1207,1464,42,65,148427,47490,21140,33,202,304,502,31,361,424,42
1583,1908,464,107,66,700,1978,45,347,101833,47187,32921,30,240,146,994,20,384,159,31
1869,1258,168,104,70,1653,1913,38,273,104429,15312,32681,38,377,120,1808,29,280,311,18
894,1082,396,116,61,684,510,37,154,68013,16698,49352,49,407,194,1777,30,264,230,14
1456,1018,251,136,98,1024,1409,33,125,198307,22435,48765,3,78,136,1183,38,377,112,41
1693,997,389,136,75,1736,1536,19,385,155908,14597,19236,0,244,463,815,3,263,130,36
867,1275,291,105,25,1155,615,28,207,77211,12300,12115,28,185,177,1529,48,373,204,26
1071,763,133,62,60,1476,1672,15,369,95210,12680,30488,32,111,328,622,41,397,356,21
866,1947,255,131,36,790,1365,22,334,71873,17764,38115,8,400,239,631,8,481,140,4
942,807,174,127,83,1417,1495,26,163,55799,27773,30243,40,362,197,909,21,119,409,30
1922,807,124,84,43,1154,1651,45,119,60314,35748,36772,39,309,232,1571,14,298,488,14
1396,964,437,109,30,524,1388,39,283,97513,35689,35708,18,377,386,985,39,476,112,11
1250,899,366,64,34,1428,643,39,140,113778,16149,14085,15,73,207,1819,33,100,455,27
1718,1420,352,68,63,1933,1778,23,56,155895,21386,42715,28,434,251,975,34,416,61,46
682,915,463,67,75,730,1100,38,264,116855,21447,24100,29,457,257,1249,18,377,285,25
1410,1594,267,129,58,1363,565,17,471,72729,39618,27299,33,498,286,1339,22,475,310,29
1588,1195,221,71,76,877,1260,34,259,61039,15986,15714,37,359,410,1827,15,407,359,41
665,1977,100,91,57,1715,922,4,286,58115,17017,29803,37,237,279,1914,18,483,429,9
1213,1532,277,118,91,1179,1787,7,167,91296,16301,21056,29,221,346,1093,19,366,339,7
877,1564,332,63,34,585,1787,17,101,192722,34829,19529,1,261,246,1177,10,249,336,12
1942,568,432,123,57,1366,1990,29,398,159437,37039,25216,26,123,268,1199,11,321,271,22
1476,1568,343,94,37,1353,846,7,311,126582,28250,12577,0,404,157,1712,10,288,426,48
1420,597,332,80,29,1388,1022,49,417,138189,35015,16615,39,168,149,597,18,422,345,5
1649,611,120,99,38,628,977,34,302,125385,46821,42084,6,79,168,513,24,272,474,24
1486,1178,402,130,57,1983,681,28,413,139085,34241,46230,6,181,315,1841,17,364,215,29
1347,857,371,115,94,721,699,11,338,137212,49441,39300,24,292,368,1908,22,257,100,46
1072,1140,274,58,88,1983,1214,5,123,184031,42762,48867,0,71,117,755,9,336,377,5
1390,668,465,120,65,1944,1304,29,240,173855,40428,31771,44,112,499,756,3,153,469,9
1199,611,429,115,44,1070,568,3,480,90134,49134,12623,22,162,104,841,12,112,115,23
1430,1147,150,58,53,652,1177,10,499,151694,24266,36615,1,471,380,1825,27,216,432,15
841,1976,174,128,74,1516,791,20,161,120021,27776,25721,16,403,414,1334,27,308,301,28
1194,1652,489,124,96,639,907,14,210,84493,21189,36038,33,408,162,662,45,472,411,12
1667,1794,130,149,22,1211,935,35,444,101631,31246,14462,15,495,314,748,32,226,178,33
1767,1068,452,64,33,1799,962,21,468,149253,35559,36993,46,380,289,1131,39,493,250,31
682,926,285,53,79,1705,1260,14,408,94579,16209,43510,30,475,381,1807,37,343,84,1
831,1700,325,141,63,813,1151,36,240,156009,40836,14135,8,79,239,705,19,220,82,38
1569,1366,146,98,34,650,1704,45,119,109299,31273,43042,41,228,326,802,32,172,352,38
1291,717,313,125,71,1536,836,10,274,62547,45607,36666,31,140,189,781,15,439,140,32
1454,977,304,81,32,1033,1677,45,437,108625,35458,24021,44,148,185,689,37,370,476,20
1924,1909,317,112,51,1361,623,20,59,130929,13232,43133,22,299,205,1008,36,147,221,1
1786,1533,355,90,38,1274,1317,10,220,176367,12599,45346,32,397,253,1026,36,461,335,48
505,663,303,149,74,1375,1915,16,437,52280,24105,31275,48,389,161,819,20,358,238,18
1897,769,137,121,24,786,1300,7,59,71434,41679,28795,20,347,219,812,35,438,129,18
1952,736,192,124,48,1687,749,37,486,110192,27019,23567,26,424,446,1407,39,167,57,46
1984,1406,264,86,41,640,998,20,221,69107,40851,43122,49,266,469,622,30,162,299,15
942,1027,197,88,31,863,1823,26,385,195921,20081,12401,43,229,217,1158,25,128,117,27
985,1684,290,71,73,1538,1862,42,191,130574,33370,40818,23,214,492,1310,18,463,95,2
1806,1095,293,80,70,1439,1586,4,275,50995,10297,29037,9,154,226,613,3,330,495,42
1653,553,468,75,60,814,697,31,418,163126,21909,10571,37,363,271,1645,36,384,342,48
984,1302,456,105,63,1816,532,10,86,86491,19986,33462,27,163,252,738,21,248,321,25
760,1726,369,147,74,1024,1693,26,234,149523,21750,10814,1,101,440,1126,27,251,480,6
1268,1931,266,123,21,830,1472,33,428,55963,17358,21542,26,135,389,1882,37,369,151,48
695,597,359,84,20,1126,1820,30,239,196963,46224,31336,23,494,450,571,38,393,203,22
514,1369,113,145,27,1864,1496,25,204,197589,12411,25254,4,375,245,1077,17,171,150,25
1527,558,350,141,81,613,1531,30,309,57392,22546,23105,4,284,233,1366,10,452,70,6
1142,525,369,74,54,1505,1849,2,232,175777,37825,21398,5,188,360,794,22,152,90,27
1159,1651,135,123,53,1291,1689,46,224,141933,47240,45485,37,195,110,1920,15,243,466,38
827,1513,294,73,25,1024,1093,11,188,81850,28107,13048,34,328,390,612,21,317,371,36
1588,1455,238,79,59,1836,1244,10,202,54827,39794,25866,23,353,240,601,28,320,413,26
1708,1960,135,145,65,594,689,11,370,136409,17871,24651,34,418,149,1633,13,204,457,27
731,1403,387,104,44,736,1449,40,145,165756,31676,36970,44,203,479,1841,5,415,146,44
853,1806,214,73,32,561,1598,38,373,167868,16963,48119,26,50,204,1154,10,352,110,0
1134,1036,487,107,68,1909,1676,10,387,140773,28356,19417,29,356,224,1063,47,140,202,8
658,1133,361,143,54,725,1190,25,303,135008,42868,41033,1,440,197,1275,42,117,416,37
1530,1055,379,65,47,992,962,5,310,145033,31191,34581,44,293,210,514,3,351,254,42
1901,1859,253,106,33,1378,1258,45,168,141993,35368,26954,11,271,410,777,21,418,400,26
1081,1260,198,115,96,1326,845,11,164,180967,27279,29702,37,170,398,1141,40,464,278,15
1304,1826,171,54,89,1345,519,34,51,55983,37007,40604,18,181,247,1411,44,125,390,41
1123,930,238,140,21,1554,846,19,93,76917,10827,16146,2,137,487,713,39,426,491,39
1192,1091,159,55,20,801,1555,37,371,158299,18220,45185,11,339,313,1262,10,189,499,5
1973,1061,470,142,20,1744,832,49,429,184451,25308,37802,41,477,224,1726,37,431,407,1
1266,1310,413,132,32,1153,868,12,287,190489,27613,23370,2,473,145,1461,3,254,464,36
820,1817,253,70,50,1930,613,28,304,133141,49028,48109,15,173,251,1256,27,278,264,41
1962,1902,152,100,62,1644,1434,27,446,76589,36621,27492,31,123,338,1696,39,393,416,10
1061,1041,376,83,44,1270,904,47,468,188010,16232,24711,45,149,218,810,31,153,94,36
1709,1823,423,141,61,530,1714,6,292,89481,33863,20170,23,335,382,762,42,362,398,46
1607,1840,212,138,44,1289,1522,22,115,182548,33782,12954,41,66,227,1135,9,470,107,32
890,647,444,63,39,552,1601,26,442,136834,30337,10917,17,390,262,1222,29,148,354,14
1717,1919,435,66,67,836,653,2,362,127099,32142,16945,29,407,394,1889,28,497,367,9
1017,1606,436,132,57,1620,1844,6,405,195509,36114,11749,40,74,188,1736,46,140,380,46
1977,935,404,111,32,1486,1165,30,332,134677,47150,47579,18,412,204,774,27,183,271,1
1277,1275,384,146,74,1170,1603,40,480,102876,15942,31661,12,229,146,1477,20,364,165,29
1846,943,308,121,91,1665,593,11,331,73138,22561,33486,14,119,301,999,21,166,435,5
938,1886,251,54,33,1267,1004,31,217,165657,23283,31158,30,262,338,564,0,490,356,47
1887,954,198,84,63,575,1504,19,108,156379,19495,14500,1,243,127,1545,13,207,465,48
1762,1864,191,74,67,1714,1825,49,222,63315,37270,20935,16,354,283,1775,34,463,453,8
618,643,313,101,94,1468,1376,35,327,145434,15151,21927,23,254,395,1162,28,146,409,48
1022,848,264,108,22,718,1881,39,315,165660,22095,46473,9,237,237,1698,43,249,350,16
1190,659,302,104,64,1570,1175,41,283,57503,43834,31446,31,391,452,842,48,259,152,7
1552,1393,129,81,25,786,1323,21,203,93876,11951,12791,2,106,160,1084,28,322,470,40
849,1830,235,111,36,1279,1285,18,322,104948,32419,49275,47,257,182,1129,5,303,474,16
1265,1835,406,109,29,1860,1421,31,87,95942,13381,44983,3,294,360,573,46,301,259,11
1588,543,481,105,71,1990,1501,46,106,174640,15359,36524,33,275,454,803,42,455,206,11
1156,1076,332,146,32,1014,1206,42,273,70765,19337,38714,47,215,233,1131,30,145,402,0
1392,1501,307,147,99,1354,1826,14,276,190780,24199,17897,33,128,355,563,2,213,200,25
1846,767,173,113,85,677,1349,41,175,158067,45267,35782,0,187,450,1759,5,100,429,26
1434,997,140,78,20,1451,908,6,160,107938,39793,41027,8,355,184,579,35,476,353,4
1605,1534,125,107,39,1618,1022,29,269,67565,21229,16650,13,215,438,1786,34,181,253,47
1063,799,215,62,93,1216,721,21,377,107291,21007,42127,48,398,417,1656,12,304,428,27
1888,1094,419,130,78,1434,1611,38,232,56705,22277,39994,36,84,383,890,26,116,217,14
1594,624,367,123,72,1399,1377,8,477,139536,21913,49212,9,179,238,651,47,235,63,18
1669,926,458,135,82,948,921,21,308,98214,16659,27710,31,294,494,1109,16,146,231,43
1882,1832,155,62,50,1747,1152,20,266,143667,33772,27913,48,465,449,1623,25,323,106,37
1555,1382,456,115,86,997,984,7,447,169721,40075,21031,7,260,302,1900,34,497,288,24
839,833,256,128,77,1162,1371,46,429,189059,49680,12117,4,181,344,586,44,413,193,30
832,1303,458,106,73,1526,885,6,275,106932,30133,20789,6,314,340,941,13,110,97,38
805,687,179,117,36,1463,1251,14,83,109090,46055,25981,21,457,290,517,17,155,136,17
1099,1217,294,79,78,1065,743,17,170,164381,46426,33159,20,199,247,1473,13,253,247,28
1671,1438,449,127,47,1865,583,49,218,97851,14776,43635,46,433,357,1874,39,486,378,19
1564,1652,382,124,47,1805,1809,6,264,174791,14471,40893,24,434,455,997,26,411,155,21
1895,1136,422,70,42,1598,1214,27,361,176805,12918,21321,17,302,323,1248,30,100,422,14
1604,924,250,100,90,1969,698,39,157,119390,13731,18673,19,313,317,1337,5,127,366,46
1890,782,234,58,36,1367,1438,14,305,62207,19708,35457,7,213,487,546,36,417,425,42
826,835,486,71,46,528,836,26,373,84542,47446,46556,21,333,473,780,39,382,60,47
1234,922,278,59,54,1523,685,4,362,63373,10078,43585,22,403,202,1432,45,473,139,27
1001,1308,413,145,44,1711,827,29,105,160534,39428,30487,37,279,245,1930,7,496,247,45
1045,1865,499,96,35,1722,1182,34,346,190834,18135,20471,47,215,311,916,33,179,134,40
1942,1572,481,57,26,1926,767,43,222,199283,48135,35965,45,241,458,578,24,344,483,0
729,1136,178,62,50,926,1413,5,68,176490,47975,30391,17,204,434,1474,44,188,91,13
874,1543,262,67,23,783,819,39,202,143185,49420,13031,23,78,300,710,46,338,108,23
1271,1807,467,107,56,1743,956,26,136,116893,20947,24925,41,318,201,1434,41,126,182,13
1512,1153,225,134,79,613,911,13,117,52730,19650,26795,41,419,360,833,47,395,206,27
1730,1517,318,90,44,1449,1354,22,136,139981,38505,38654,38,198,255,1490,1,483,302,48
916,1575,365,123,39,921,823,44,165,108173,40812,10992,28,322,270,1206,22,111,404,40
647,1432,408,93,39,1915,1156,13,355,138260,16087,19025,25,135,123,786,23,262,307,0
1127,1541,451,92,72,1593,1971,28,491,146973,27395,10798,38,333,372,691,38,168,367,19
760,1337,185,142,65,1512,1452,6,453,120920,15644,40827,11,308,207,972,20,421,73,22
1584,1167,373,122,79,1730,660,6,294,114800,38491,49648,15,184,315,1670,20,332,215,45
627,1163,331,50,52,954,1395,45,489,194962,46766,41857,41,368,289,983,37,318,236,12
1484,1140,185,73,89,1085,867,30,94,157610,34881,41571,30,382,365,643,13,417,232,33
1735,746,377,52,86,771,1059,31,310,90008,24632,14367,4,122,301,1027,45,452,133,13
1894,1811,228,113,49,964,1150,26,134,174997,36522,35451,10,72,191,1862,45,150,135,40
1486,1934,150,121,85,1656,1792,38,200,129946,22952,42835,41,441,367,931,1,185,496,4
1665,560,389,62,63,1746,900,18,437,190468,14083,41906,21,94,318,1270,35,396,376,29
1009,916,233,147,90,1334,744,42,334,174045,27018,46144,33,177,465,1449,8,189,270,34
839,1109,476,106,47,536,1225,20,50,54693,10750,20256,28,243,235,1777,25,259,388,30
1468,1991,259,62,99,914,1141,10,360,76685,44382,29726,18,376,464,1414,34,460,329,43
1862,559,323,102,78,1819,1920,9,312,192655,40866,39033,6,377,268,1790,21,268,404,8
878,737,392,118,97,986,1659,37,271,55794,26352,32217,14,249,398,1108,29,130,329,37
1522,981,485,106,41,724,594,38,434,170202,11872,24447,4,86,221,1035,35,388,297,3
1790,822,318,121,56,1190,1275,47,82,149860,27754,47881,32,85,412,656,5,398,359,19
1304,619,437,98,31,1289,1985,5,202,75476,25155,20960,41,90,279,1116,21,274,266,1
1426,1523,119,118,22,1085,1707,31,261,126599,27632,38416,42,169,356,663,47,193,357,42
1434,523,326,93,74,1456,707,42,477,83863,28667,49678,20,427,156,927,49,288,473,40
1516,1212,479,57,78,1716,1431,27,242,94662,17574,38053,32,432,236,1339,7,148,68,18
1791,1403,480,102,48,1692,1069,38,139,75858,18347,14077,20,280,483,891,33,319,408,13
978,1217,333,50,38,1982,1191,25,461,90141,12204,37421,19,123,454,574,4,248,459,9
524,1085,130,107,44,632,628,9,478,156982,17610,45253,46,373,478,1391,35,361,249,12
1125,512,246,99,25,1335,654,22,376,186105,23680,10720,8,205,480,841,41,442,276,44
1806,1728,438,68,87,1575,1968,24,137,195094,14755,20068,16,50,427,799,22,219,416,45
782,1895,286,124,81,580,503,46,299,142417,19848,40981,4,387,313,1273,15,385,406,37
1404,723,277,73,23,858,1408,46,236,73533,14386,32221,16,110,421,945,19,267,356,45
1457,1476,355,108,36,1296,759,2,349,78813,18126,30871,3,292,243,1306,32,308,215,48
1512,905,493,141,44,1452,709,42,362,120092,33861,25278,34,212,224,1096,7,127,420,30
973,655,456,142,64,1107,1807,16,143,70057,31668,31589,24,336,273,1159,33,222,205,45
833,947,182,117,51,1285,1375,3,248,58613,47932,16385,45,108,359,1685,32,456,168,38
1410,1870,389,141,72,1874,530,16,278,66801,32458,29201,31,50,186,1633,7,283,141,36
681,1513,172,127,32,1277,827,20,84,194822,16198,35355,45,490,205,849,27,251,387,15
1187,950,224,55,38,1378,1946,36,171,110278,43641,17153,49,417,127,681,17,101,363,24
1612,790,427,70,33,1180,843,17,216,96999,10259,46905,25,453,444,1522,27,150,387,32
1640,1845,157,75,59,818,1436,28,120,172816,46378,49663,21,138,128,504,30,421,233,36
1159,1548,359,91,56,1497,1577,13,279,123639,46778,36572,14,55,171,1650,16,257,202,27
1962,567,252,96,92,579,1934,13,309,115931,48612,45242,46,111,230,1189,24,428,59,2
1143,1908,459,139,77,1134,1849,19,224,182946,36830,28577,23,137,260,602,45,338,101,5
545,1246,409,58,20,1994,595,48,259,121476,43832,43486,24,382,253,1057,48,157,398,14
1472,597,172,114,97,829,711,31,382,106749,27948,35319,23,448,384,643,39,447,204,25
1139,923,421,75,27,1316,1951,28,118,112630,11350,17586,10,412,304,814,9,142,363,19
646,577,232,60,90,546,1016,20,293,60082,28270,48125,25,129,402,548,43,327,346,12
1085,643,468,58,65,653,978,3,477,133635,12611,16230,24,239,125,1524,16,323,388,20
786,763,373,84,64,945,680,34,109,196508,32621,12619,4,74,432,684,21,397,219,28
1719,1607,137,139,74,1469,1824,31,371,108198,35071,35125,5,326,320,531,13,350,247,18
531,1839,270,145,28,1399,1034,41,218,154596,36957,35822,26,418,364,1312,12,358,378,7
515,708,345,138,73,1683,1360,9,207,63195,34865,20577,10,230,112,1650,0,450,487,26
1771,1955,390,84,27,1689,1184,14,376,130081,15219,11787,9,373,125,1042,19,318,339,21
551,1788,137,136,56,1078,632,41,63,155919,11610,10541,17,416,142,533,8,442,414,36
669,1648,360,65,88,1581,1356,18,285,155902,24836,30668,2,87,120,1444,34,241,450,47
1949,1296,417,122,61,1800,1121,26,313,97466,26417,44132,38,327,404,1961,32,155,431,34
1316,1015,379,51,37,852,1605,37,422,79871,45478,22813,10,307,287,1082,9,354,424,8
1063,712,413,93,32,1455,1630,25,241,171812,41405,39253,18,496,444,578,34,232,59,7
1554,611,132,138,22,1134,1219,42,450,147999,20158,35830,40,114,324,1495,21,468,472,7
1425,616,498,52,91,1500,1798,10,452,199699,25619,41186,42,148,114,1946,17,427,424,15
1586,1318,139,50,29,1508,1665,40,52,174677,48612,38471,48,177,433,721,7,191,108,45
1979,859,409,70,91,904,1768,3,450,121837,29077,33359,30,378,267,1253,42,447,490,27
1497,1541,347,141,43,615,1900,3,453,85161,41851,18044,27,454,449,870,13,464,126,36
773,583,104,86,32,1035,1321,15,498,124078,34857,42058,31,498,448,546,13,430,495,38
1658,687,286,69,63,541,1615,35,56,130216,27345,40723,1,295,397,1299,38,196,413,11
1743,1016,391,100,20,1900,984,8,50,53611,48129,34621,27,206,416,1971,1,121,139,45
1027,1811,330,87,97,1497,815,16,352,108763,14519,24533,2,312,319,1517,1,376,448,2
1385,1403,327,62,41,931,1934,27,453,130980,31981,44742,40,51,428,1670,15,447,109,13
1725,1266,459,50,69,1204,656,19,299,143018,12773,13435,42,146,497,732,19,329,300,11
650,1595,232,143,98,1519,1558,24,59,159297,17516,11788,44,153,217,1114,49,440,282,10
1206,1353,286,70,59,702,656,5,175,167841,22903,10719,25,354,361,1706,8,119,154,2
1172,1523,178,94,71,683,1566,12,277,63262,20820,23507,48,444,341,1440,24,233,109,23
1595,1518,465,51,60,1940,950,40,377,62060,44376,45822,15,235,277,1572,14,175,188,43
1495,1044,487,133,38,821,1256,35,444,114486,11781,13102,33,216,497,1365,11,267,117,16
687,1312,164,108,82,1772,1675,0,200,107412,38081,36644,3,365,257,1531,15,365,327,8
1891,1187,201,119,93,785,1522,33,271,86628,20582,34295,18,368,361,1155,25,438,233,11
1748,1721,357,107,92,778,1606,3,100,97488,11367,10133,42,58,273,856,0,228,279,39
1399,1384,290,136,84,1470,869,30,156,76663,35145,27959,45,404,150,900,7,174,249,1
966,760,263,133,96,941,1090,39,442,81234,22563,33247,25,113,411,1027,20,314,239,49
1574,1633,456,148,69,936,1960,32,337,161935,39734,21046,22,239,307,795,49,113,470,38
1414,551,290,79,26,1213,1541,12,249,91945,25120,15136,19,403,244,1848,43,394,68,21
858,1868,367,149,93,811,1874,14,83,139458,19247,24648,24,231,403,1561,25,389,267,40
1849,1318,478,86,20,724,686,22,327,115705,26702,25383,27,81,478,1864,24,301,260,23
1470,1570,162,111,86,1766,1524,16,236,88439,28786,13146,4,82,338,1712,3,404,69,49
1633,1687,447,129,42,1336,546,11,318,115428,15430,49199,39,396,113,1030,11,325,473,22
755,1671,194,123,84,785,989,26,450,88492,30853,38554,9,174,249,1713,16,265,386,16
1196,1155,164,75,86,545,1131,34,122,142298,25032,44835,27,94,440,1108,12,297,292,49
692,1028,235,116,34,1489,1540,10,96,193726,35857,33810,0,204,191,1311,16,488,245,25
732,691,467,53,21,796,1354,12,487,99870,40100,27222,34,196,351,789,34,418,124,49
775,1451,142,120,32,1330,1295,6,420,181666,25087,39380,23,270,171,844,12,352,309,34
559,1750,335,107,95,1754,677,37,394,171056,14610,28956,43,289,430,870,47,488,495,39
705,1140,193,126,54,1759,909,22,154,120479,15031,49019,33,159,318,1889,16,102,248,0
630,1002,413,64,55,1906,685,37,479,62006,43199,33838,0,285,409,750,48,223,167,42
1396,1398,372,127,93,745,1753,42,367,133641,37903,36736,44,103,480,913,30,382,459,2
1054,854,151,131,83,1706,1979,23,471,72087,28512,48868,30,324,295,1590,16,436,446,24
1157,1815,345,98,45,1911,774,7,454,197698,48203,24587,20,466,253,923,5,348,411,25
1371,1111,199,52,74,830,1025,19,453,82520,11194,19115,27,338,157,1451,18,366,410,37
1458,899,298,111,74,860,736,46,188,126253,25965,19863,7,76,301,1045,2,227,141,14
1470,1645,447,81,75,605,1613,18,111,190870,49760,43394,26,499,420,1111,15,445,408,12
506,1311,307,128,59,707,1550,28,457,193429,23605,43403,22,143,446,1238,45,465,137,39
1987,649,317,139,99,841,1696,14,391,161055,26393,48528,36,155,379,1326,5,442,418,25
872,1998,470,123,88,1167,1632,39,363,51124,34174,39387,29,289,486,1279,27,182,442,43
1339,860,427,56,88,1313,1415,6,136,115398,38847,21585,40,405,205,966,4,147,138,1
1787,830,313,83,44,1498,939,32,260,181774,32985,48821,49,216,109,1447,28,131,284,7
1964,1143,335,83,97,1880,771,41,194,60216,11717,37268,31,388,343,595,43,352,264,28
1830,1632,445,91,79,1116,1616,0,224,52325,28843,26070,8,338,103,1126,45,327,151,2
974,1748,471,77,23,1247,770,31,151,69407,31901,21062,12,212,431,562,44,165,363,28
1052,879,308,69,69,748,945,48,365,104890,17374,33196,18,256,262,1043,45,289,398,45
1850,1875,297,126,69,870,1598,6,354,177469,44494,11178,46,118,495,1132,6,260,293,19
1680,1620,120,123,32,1799,579,29,413,105418,16312,12381,37,281,210,1477,47,261,396,48
1399,1490,164,90,86,1462,813,21,330,133285,35632,11168,46,360,139,1832,48,245,91,7
1192,795,417,76,65,1755,1680,1,206,77348,13603,36204,21,415,104,1710,27,432,169,3
1300,916,163,120,92,949,1446,38,222,111276,16152,33441,47,460,103,1204,7,108,366,49
948,1778,227,112,85,1789,1758,22,413,169786,37271,41733,7,490,211,924,15,484,378,49
1866,1015,327,79,54,872,1938,43,136,152076,40407,35509,46,212,471,1817,18,394,481,41
1192,663,187,129,69,888,1044,16,191,59016,22377,46492,10,215,249,1246,15,340,345,7
1845,1042,495,135,45,672,1058,4,176,63177,40201,24056,37,117,348,685,22,486,451,28
1237,917,385,129,88,696,1573,19,236,63277,35329,25192,15,431,237,901,6,166,160,25
1223,905,119,64,96,1944,1866,43,292,88819,12681,33578,20,52,458,1610,46,127,413,9
1626,1019,328,119,69,623,1365,26,169,197576,10566,22736,40,448,374,1672,47,465,163,48
1111,1927,372,96,82,1557,687,16,164,140659,43587,25772,35,86,143,741,36,492,231,33
1399,1596,260,114,86,1321,1203,6,255,184773,12492,20531,14,95,190,783,24,235,140,32
1760,1361,396,103,98,1105,580,20,452,198988,30926,38973,42,56,341,656,26,363,279,22
1276,1520,348,90,33,979,995,1,254,76155,41378,36669,24,74,369,1631,45,106,443,24
1391,1596,246,96,98,552,754,2,202,73752,23959,13965,15,150,498,1634,3,457,194,48
1030,1682,395,75,28,1032,1621,38,52,153688,32917,28717,7,357,443,829,42,347,282,8
1697,775,153,97,64,1395,1507,14,122,68655,32337,14262,14,495,142,601,10,198,141,46
993,1161,470,60,54,1558,515,9,354,64414,35698,37647,12,172,408,1646,12,396,288,23
1024,777,460,84,72,1195,1974,9,232,54842,36153,34178,32,101,447,533,15,219,398,47
1566,1858,491,60,78,1995,585,5,271,51694,15686,14895,17,365,113,1187,20,388,339,36
621,1856,274,51,38,502,615,43,145,91870,12052,40532,3,320,357,528,37,230,482,39
1379,1804,483,118,76,1952,1764,37,259,66528,32229,17303,43,382,452,1756,15,303,161,13
1062,954,161,117,78,840,746,44,181,58278,13155,41263,36,443,455,1745,19,417,181,3
1586,1747,393,88,91,1647,516,11,85,66615,49923,14203,37,259,313,1668,35,198,248,2
1163,1746,342,114,40,1721,1138,23,62,162777,45315,47224,37,86,192,1200,46,233,497,29
1588,745,289,80,78,1346,1544,42,205,98320,43139,45676,36,470,208,1925,34,119,79,17
1452,897,325,94,82,804,820,40,331,163527,29343,38744,2,200,417,936,46,385,193,8
1608,1527,252,126,44,1616,1226,9,123,130739,46804,25179,11,471,433,806,47,238,247,26
1146,715,212,102,69,516,974,45,274,138394,30706,10021,6,265,210,1952,20,107,350,14
1282,709,104,119,66,1433,1481,18,315,151076,27464,38711,2,106,258,1729,1,378,58,11
1878,1364,426,72,61,1674,874,16,64,71441,33434,18260,32,462,150,1393,10,216,184,14
1269,1784,369,128,42,1564,795,47,78,61179,43299,41132,4,227,382,1054,37,285,329,4
993,1878,431,89,86,1553,885,16,473,144385,23711,31238,25,306,440,751,3,199,361,36
768,1422,226,113,68,1650,1004,14,297,52530,25574,27719,45,213,432,593,6,288,246,23
1274,927,431,145,45,836,1130,39,415,196481,14914,27554,27,51,279,987,10,258,457,26
1410,1384,159,112,73,1989,1376,32,65,160906,19801,35226,49,243,344,843,4,432,65,46
1170,1432,294,141,81,1282,1406,10,342,73361,41082,14678,19,281,427,588,23,260,463,46
732,1476,191,84,72,746,593,39,375,100909,42835,28521,7,391,439,1992,35,110,82,33
1109,1586,462,65,98,1195,1694,10,143,134130,14480,42032,26,485,388,950,33,367,439,32
1525,1182,342,120,78,1118,1001,3,457,96787,18255,34069,33,262,421,1234,26,283,178,47
571,1294,469,148,86,1123,1325,38,278,143208,15199,44759,40,172,298,1609,13,186,372,27
1663,875,220,60,91,1341,1601,2,403,86417,36588,11938,44,488,322,1882,33,418,424,22
1574,1271,358,111,25,1250,1854,41,313,187477,17098,29132,30,434,308,912,27,224,432,34
1027,1288,232,147,68,851,926,22,467,107048,43210,18432,19,118,368,508,10,495,496,15
1389,1719,384,115,29,726,755,48,228,157626,38412,37109,7,457,453,1791,44,264,327,9
1664,912,160,127,43,745,923,36,366,133688,13697,20218,5,277,106,1537,0,161,347,29
1917,818,331,84,84,1985,1194,17,309,88430,39075,38823,48,364,121,1264,17,149,315,42
1252,1766,413,124,63,1356,1668,7,304,79553,40567,12626,20,311,187,1668,17,322,106,45
1521,854,490,54,50,1433,1928,6,466,95940,49961,40489,21,183,478,1082,29,105,297,6
1300,564,253,139,65,1257,827,13,117,128846,22444,24909,24,427,227,1864,9,203,109,47
515,1798,386,74,76,1946,1570,30,468,167020,23940,15392,12,306,230,719,19,237,388,18
1639,809,487,63,74,1614,694,46,325,86136,35965,23948,48,95,482,593,15,146,387,16
1341,1825,403,67,34,665,983,29,461,122863,32657,48368,38,364,351,503,13,123,232,7
1547,1816,252,89,81,1424,505,16,437,51933,40927,19680,49,268,118,1797,44,249,119,18
1184,1593,224,102,34,1469,1679,1,382,66314,32398,36459,39,364,348,1490,28,257,217,19
599,1127,270,71,25,1504,1379,29,368,107661,41939,31960,35,494,445,680,18,158,337,32
1590,644,362,116,81,747,1385,28,368,186736,29170,42921,36,255,336,1919,39,332,483,13
1737,855,298,116,28,1064,944,31,163,122651,47732,31991,29,299,337,998,23,416,291,4
1121,1340,198,100,61,1014,673,9,194,132968,47308,12093,22,436,177,1273,39,345,238,1
1075,1109,149,67,91,613,501,30,277,76665,42426,33563,34,430,355,1718,24,126,120,35
1758,996,463,113,31,825,1922,42,339,104976,44051,30603,12,477,478,1272,23,487,342,28
1311,1776,101,71,26,1052,1310,48,138,146102,38999,13566,9,432,318,801,25,270,396,27
1207,1226,272,82,22,1821,1522,8,349,88641,46606,49649,28,96,105,1497,48,300,244,27
524,722,197,59,66,985,883,4,432,103254,29762,15361,8,420,486,1338,45,150,378,35
1036,1982,357,93,68,1589,1552,48,285,167550,22903,43739,40,367,431,1194,33,225,468,6
1008,1749,312,117,84,1270,989,29,106,194821,43488,13971,0,315,325,1248,33,432,349,22
1809,1725,324,92,95,1580,1287,35,232,172026,45248,27088,15,108,169,756,28,206,317,2
1354,1170,248,124,94,1715,1473,5,454,152429,44008,38847,41,328,115,1014,10,377,154,10
1797,764,245,135,44,940,1294,30,335,76555,18829,49185,48,444,302,658,30,108,383,20
1258,1733,399,114,53,1767,919,21,432,91960,42559,20175,43,480,488,1307,12,354,483,49
1677,822,351,73,74,1679,1712,5,496,154458,38937,31517,34,207,231,1651,30,483,377,5
917,1374,177,62,88,968,1713,30,360,184101,26061,28421,15,211,158,1909,26,483,51,29
1351,907,197,59,84,1675,1020,13,157,140204,26641,46648,32,189,352,862,5,105,332,14
1873,635,245,109,45,656,978,25,446,174534,23735,28402,36,155,373,1563,30,423,463,19
1290,1022,247,109,56,1860,640,8,314,88025,10591,30474,37,107,236,1187,40,293,365,35
1904,1163,139,54,21,1189,1374,13,291,112845,27311,15083,39,182,107,1318,39,470,181,7
751,897,425,131,44,697,645,14,443,89129,20135,27885,30,218,411,1484,26,351,119,19
1007,1873,413,51,21,1200,1551,21,250,109082,20446,43222,7,346,314,1987,6,286,294,5
1783,1311,365,107,81,1132,1182,14,333,190089,25838,28577,4,233,499,1961,31,181,87,43
521,1391,320,53,22,548,1671,35,91,189659,10050,21304,25,97,288,822,35,406,283,19
1223,1139,145,114,66,1552,1466,48,329,65862,39408,40026,2,383,210,1131,33,131,299,23
1645,1995,373,81,68,1661,1772,9,447,110257,38617,23625,25,216,496,1137,45,368,192,43
1944,583,363,120,51,1713,1463,24,131,157576,40758,27893,25,389,129,1227,8,465,277,42
1347,1338,129,53,43,645,1644,27,299,113868,45428,17276,14,361,465,1963,25,336,173,25
1681,1510,413,120,35,684,1282,42,175,51508,29455,23007,4,458,448,1957,23,109,244,18
542,651,196,61,80,1101,1342,34,240,153681,25124,49220,22,490,173,1242,26,107,104,4
683,1867,320,65,94,1889,1287,0,325,135935,44001,48323,17,194,498,1000,39,470,376,17
1879,1571,110,145,94,1225,1194,9,247,191028,11373,38695,21,108,473,566,20,269,109,44
501,1235,446,143,41,658,1077,3,125,186952,10910,15280,12,327,199,1037,7,364,444,35
1057,1583,220,136,66,1214,1603,24,430,108995,28620,24582,31,92,195,984,36,391,252,5
1167,1780,131,102,41,1965,1254,10,494,119462,39707,24541,4,63,149,748,21,324,284,49
1968,1286,333,133,81,569,1602,21,390,188557,27348,36150,5,407,332,563,1,158,478,43
1095,1422,425,98,27,1812,1339,27,369,187241,27799,38660,48,174,413,558,7,310,472,19
1106,1373,314,79,37,1923,517,17,221,54913,42774,17465,46,318,298,672,48,227,261,26
848,1711,385,109,84,977,1145,5,94,59681,31836,31073,43,461,316,747,35,218,343,43
1884,1689,261,98,21,1386,787,29,241,106685,36393,47185,37,304,339,1042,17,114,433,24
643,1591,466,68,52,1910,1075,36,373,127240,43763,32199,36,311,185,1871,27,135,471,24
1032,673,400,144,69,1907,1425,38,181,92226,13684,44216,21,321,241,743,28,254,481,1
1385,1526,200,60,57,525,1571,47,324,102834,49340,41959,42,174,112,1480,27,176,360,46
1097,1700,195,113,56,1864,1927,26,202,107110,37904,28539,32,130,341,1863,47,489,397,2
873,1969,157,146,43,1093,1859,29,85,152416,45226,26310,24,226,411,946,22,397,367,18
1354,1953,129,102,49,710,1002,17,55,120153,28555,19863,22,440,132,1878,15,427,492,41
1698,1547,328,91,90,663,1066,10,409,195656,17528,18676,42,493,287,1786,35,481,156,38
1388,926,299,97,23,1939,572,15,422,82109,43919,38010,43,498,226,793,6,424,257,41
1752,862,210,67,86,1331,1252,25,473,77659,14081,24481,46,68,288,1556,5,147,227,39
1186,905,303,120,61,1814,1891,32,425,91908,11251,20283,25,114,300,1930,25,114,336,6
1541,1688,220,114,61,677,568,3,236,180349,17325,46789,14,483,132,1698,34,182,268,22
1536,583,255,109,75,1610,702,48,107,156279,28713,29345,21,350,169,864,27,472,124,35
1388,1055,456,135,38,1689,1898,18,238,115541,32901,23673,25,432,469,524,18,320,63,29
869,1632,343,107,44,1163,1745,21,231,94715,30449,21298,37,76,437,1852,40,360,339,8
1747,1817,230,109,23,1958,955,34,273,99599,41014,30556,33,148,369,1302,23,474,91,24
1488,525,187,118,79,987,1734,43,458,185964,27860,15339,31,322,337,1478,40,260,484,23
823,1668,178,65,29,1374,1238,34,176,123933,30273,21817,21,149,441,1641,3,238,133,19
1905,614,359,74,89,1323,1289,44,65,187986,21197,48015,39,312,398,1811,40,448,194,6
1950,1269,282,56,68,1436,1887,23,155,180261,37483,24075,37,445,491,948,34,423,405,16
680,546,308,117,20,1997,1250,9,84,182573,32624,46321,26,325,264,805,1,235,300,17
1380,1240,271,118,80,1081,1513,42,459,102740,35425,11468,42,116,275,1664,23,247,484,48
832,515,233,70,54,1503,905,29,192,55193,25477,49905,31,351,356,1530,20,368,156,49
1790,1478,138,104,54,1638,1110,15,78,148340,32764,38540,46,68,231,616,9,332,491,12
609,1677,429,56,58,795,1748,40,462,145149,49132,36706,48,477,321,909,23,301,336,17
1124,510,298,147,48,1349,1823,5,394,142451,37496,20529,48,139,162,519,30,330,104,9
1310,1821,288,145,40,841,1452,13,487,143910,19058,17134,7,203,312,1975,40,484,187,17
1594,833,144,123,46,889,1435,35,420,136897,27805,22459,40,171,273,1037,46,260,259,39
1223,1795,134,85,92,1286,1685,4,309,185507,12247,46708,6,142,256,1087,40,402,196,43
828,1557,330,123,79,794,1469,43,337,125863,42178,35630,28,208,372,1099,35,283,220,4
855,1099,433,122,27,1197,547,38,368,153845,21965,48321,5,447,439,742,37,223,485,15
669,1821,126,68,80,1667,929,11,154,71094,11827,29811,34,192,400,833,7,349,255,25
1536,1048,411,99,45,1888,1401,25,302,105556,16613,32138,3,448,234,1308,42,179,208,35
1641,758,237,111,50,504,1664,4,74,102418,36059,49919,32,499,477,1968,10,312,192,0
1934,1012,146,98,28,1132,971,43,260,113359,46786,23201,24,401,252,1826,26,411,428,20
978,740,466,118,48,1336,723,16,91,117690,38393,21869,19,260,366,595,42,404,358,26
777,1297,428,95,88,1157,1780,5,383,158663,25283,15643,37,232,211,1675,33,447,92,23
1606,1904,250,127,85,1841,1146,25,474,138497,46737,41331,14,235,198,1175,1,241,313,7
559,1898,217,72,41,820,715,38,320,80862,27094,15156,41,382,120,844,0,450,142,22
1298,1786,269,147,55,517,1979,17,376,83759,18827,41959,32,342,424,983,37,458,309,13
1762,762,370,148,72,549,1424,41,444,89091,15561,14127,10,412,357,1015,49,368,375,15
1040,906,460,95,88,526,1788,23,374,93207,11727,30570,26,178,418,683,44,204,415,42
612,708,225,78,65,1581,877,7,187,86798,13716,49476,38,363,478,1576,45,394,129,40
556,1531,314,113,85,1139,819,41,188,167348,25915,32006,19,261,100,1039,34,304,191,8
1190,1598,302,66,21,1169,1799,45,424,63109,29856,17774,12,417,368,605,28,227,119,41
529,769,498,80,86,1866,727,19,414,167054,32582,41851,22,57,412,708,6,165,426,27
1889,987,264,120,99,1848,1743,18,136,81964,45436,10789,14,218,107,1682,35,479,79,35
1966,1199,109,135,80,1170,872,49,87,125747,49015,32519,4,153,351,1989,43,384,383,18
983,1175,205,74,66,1223,1119,20,57,185882,44629,30670,49,212,303,1275,2,396,111,32
586,1923,252,97,35,1839,1686,48,411,86268,34137,23056,42,222,312,520,31,130,323,21
872,1848,180,78,52,1599,828,6,473,187884,49107,13725,22,280,196,793,45,272,281,3
1470,637,360,55,28,513,854,35,164,166758,36724,43558,6,219,437,1583,47,368,216,13
700,1839,280,66,44,1452,1822,33,261,140784,10479,43167,38,209,101,1173,43,289,76,39
794,1800,430,122,35,1961,1221,44,57,126881,46531,18953,2,73,188,1998,22,488,368,23
1822,848,431,81,77,1312,502,15,377,149661,32836,13481,26,348,191,1153,7,384,69,3
1314,917,463,140,25,985,1939,38,82,118266,40868,10526,41,56,271,1056,27,349,490,28
1521,1344,396,131,20,1956,1585,18,328,173621,15056,30090,30,440,487,1752,48,402,256,44
1728,1484,358,68,56,1283,1663,36,356,131166,47018,27823,12,330,132,1244,40,328,236,9
1917,1458,307,71,77,967,694,40,137,169648,36214,22511,8,413,469,1624,38,420,445,46
1649,1628,492,52,60,1813,1032,47,378,167396,28771,33026,37,311,125,693,10,498,335,9
1679,1475,255,78,32,1220,683,14,364,130478,35470,45879,37,358,201,1228,0,381,152,21
1464,1136,185,101,94,1929,1566,29,243,72603,26320,33380,30,476,295,1776,23,273,356,12
701,1912,287,86,24,951,842,38,365,93434,25811,14801,44,390,202,580,8,119,463,20
1291,1107,175,145,25,1359,1985,22,393,54313,15101,13118,20,141,438,1420,3,170,154,39
1691,555,371,81,63,876,630,45,265,197232,25149,41263,21,227,119,884,24,303,308,48
1839,1718,365,144,39,732,756,33,499,194622,38644,35751,49,71,452,574,7,364,143,4
634,1942,137,60,20,1997,1039,35,220,151031,29575,37837,14,169,163,1625,20,319,492,19
595,838,373,133,78,1124,1609,31,146,120179,36677,27588,39,166,457,1907,7,367,308,42
1700,1356,173,130,64,706,1260,24,215,101476,29242,49646,45,494,434,1591,27,492,409,38
928,1867,441,122,37,1304,925,8,120,153917,14624,29624,35,225,299,1916,16,442,335,22
1106,962,407,106,61,1325,655,13,140,173976,36968,26242,49,136,285,1412,41,369,233,8
1620,829,117,81,74,1683,1264,15,365,90467,31055,35112,46,288,340,1855,46,131,377,24
1567,731,249,127,44,1910,1618,42,488,62395,10036,33077,31,405,475,1703,10,486,88,6
1968,1286,379,91,72,666,1791,47,218,144323,10649,13875,48,329,108,1783,0,324,314,14
1795,588,389,125,58,531,1564,27,111,182296,38231,31342,37,348,238,1457,21,407,463,45
1961,1500,304,94,48,1523,1517,21,477,173298,32945,27660,44,305,173,1236,28,251,75,5
775,1489,315,134,39,1197,1287,3,326,133734,45250,24376,28,423,130,1805,9,318,71,31
1793,1880,111,127,90,1875,1077,4,248,64667,32755,47511,12,84,206,1773,45,121,202,10
1683,1842,196,94,84,1606,1773,46,467,122952,25741,42566,24,481,132,1432,27,306,238,1
1788,1582,294,100,83,1568,1117,30,127,76863,39725,24978,10,303,356,1415,7,413,208,1
689,1673,198,51,32,944,1275,28,153,142129,26694,14897,5,268,268,1276,8,471,375,16
1968,1979,137,85,59,1855,1344,12,204,134850,46742,35489,4,376,482,592,28,410,96,0
1250,1021,127,57,89,1515,993,12,188,152092,19040,12397,43,212,462,797,48,329,180,35
1908,771,332,140,37,622,1985,32,384,106726,47886,31472,15,476,482,889,4,416,145,37
1725,541,314,139,42,1748,1565,45,93,176672,15959,17955,45,92,357,1160,35,293,172,29
1855,1806,160,55,44,652,949,29,479,187091,37136,12170,20,121,281,1184,18,187,254,45
1214,1308,453,146,95,1280,1032,18,376,149201,45280,45931,28,247,141,1982,15,313,277,3
1291,1224,201,84,24,882,574,31,314,139048,31590,44203,18,178,215,1394,42,314,98,45
1994,916,229,149,59,1036,1529,18,307,169654,30407,12175,41,83,379,1547,11,132,383,30
1393,1273,285,61,78,804,866,29,247,168739,34335,33293,34,256,172,927,22,495,327,17
1616,1729,419,92,47,1258,1334,23,432,108297,11162,20256,25,324,304,973,19,254,324,14
1817,1405,496,144,53,1495,1831,35,73,53453,36586,15661,4,151,238,729,3,334,86,39
1747,775,246,115,80,1055,1310,44,91,134046,18223,19556,1,65,467,1160,16,129,413,8
1866,779,441,106,62,1157,1284,5,310,117002,24361,24574,22,129,334,1655,20,483,188,7
758,974,442,137,42,1753,504,28,205,180497,46325,30097,10,231,306,1235,6,399,429,13
539,1656,154,147,79,909,1328,1,261,129356,24987,42032,40,417,327,1220,37,450,247,43
1226,1402,342,71,32,1178,1980,35,477,64980,21517,26466,2,447,286,1558,0,321,89,29
566,1090,288,103,87,1797,666,41,461,117608,46654,48226,1,309,494,1955,11,106,397,31
1255,1318,104,137,71,1987,1941,10,268,176776,24350,47064,5,489,420,850,34,215,93,45
1609,718,278,141,95,1050,1238,6,112,175810,28023,44452,0,244,173,1625,22,428,178,44
1489,859,212,93,54,1212,1402,21,75,54469,49595,13309,28,429,385,863,44,403,134,44
1173,773,101,141,29,1870,1285,0,489,80366,40038,32507,13,84,204,1071,36,293,275,3
1693,1900,306,82,81,1619,1694,34,219,89372,22263,48511,30,378,241,1525,32,495,130,18
639,1808,176,131,50,994,739,29,408,153287,11901,25336,42,331,226,1032,36,103,236,45
1346,762,441,147,95,1852,1768,5,263,82085,28612,41239,44,297,275,818,33,454,361,46
680,1018,448,51,32,1928,605,4,300,114677,30480,48470,9,429,320,1864,33,117,325,43
688,1094,390,86,46,1391,1428,15,404,129583,21903,19598,32,147,447,1703,37,180,468,44
811,1787,266,137,25,1406,848,7,97,79418,15073,35431,14,54,256,1317,37,193,403,48
972,877,463,129,76,562,535,36,70,141801,30362,13474,49,292,234,1739,37,232,494,44
1322,1926,325,96,45,897,1734,4,112,119330,40530,17161,37,83,177,966,38,205,419,43
1212,795,449,82,30,1221,906,13,289,168243,22127,10645,29,190,153,1910,24,433,87,24
870,1612,315,84,71,770,728,27,107,103627,13715,28900,34,195,247,1504,41,462,408,28
1042,1475,263,75,62,1984,1352,46,225,120938,34344,47490,42,156,166,870,48,310,371,31
787,1290,115,56,79,1801,1797,42,362,152098,34994,25606,24,216,292,1775,43,376,462,11
1631,829,472,101,40,1365,1315,46,365,59700,20478,11720,22,245,102,1595,12,236,98,25
1204,1836,461,109,99,1818,1831,6,75,172598,38316,15408,10,190,116,1880,3,164,123,16
1152,1607,414,92,26,1024,1541,16,373,162876,30427,19623,35,401,416,936,46,273,473,14
1044,1242,230,133,65,743,1456,13,228,90362,18762,43415,18,431,388,1916,37,326,149,14
959,969,158,144,76,1860,914,42,335,177095,10024,43097,3,58,182,1862,11,328,173,0
1787,1543,452,81,93,1278,1604,23,261,107228,41153,40729,36,133,434,1003,19,303,241,35
1172,1186,447,114,44,586,1672,28,424,84671,27008,48367,20,240,254,1395,11,200,239,47
955,1629,188,110,27,708,1509,15,185,63937,29992,49524,27,495,150,516,19,343,492,11
1892,753,293,72,74,1192,1910,8,228,86886,23868,27086,13,349,167,552,45,180,203,5
1386,1527,461,67,56,1277,863,43,130,80594,41057,37691,48,374,381,547,23,392,349,25
1540,1264,291,120,99,943,1241,45,429,134309,19132,46451,10,112,294,682,2,113,475,8
1718,1416,249,97,24,1986,935,13,218,62766,18409,39091,48,215,493,1852,17,363,80,26
902,1485,163,109,91,1524,1485,16,440,117717,26131,45330,49,191,115,1712,17,224,121,24
1976,1618,254,94,36,952,1335,45,162,95974,17486,10209,41,73,331,1169,39,360,233,49
1561,1931,368,108,64,1718,1711,17,210,184044,36345,21970,17,421,137,699,13,175,460,41
688,740,322,74,95,971,1806,20,214,119473,47088,48203,14,325,423,1192,13,419,249,39
1676,1380,130,139,83,1086,1272,0,105,141698,16470,18847,12,234,393,1561,11,376,302,7
1841,1722,286,100,67,578,797,39,112,167503,46827,47315,0,142,496,1903,6,287,86,1
739,1425,463,94,51,1556,768,47,250,133954,33460,10805,32,153,379,1265,12,448,451,46
931,617,132,102,23,1611,1769,22,357,175281,40560,31127,43,320,241,730,7,403,412,25
1630,1794,440,140,45,763,1214,41,319,182195,28527,33447,28,334,477,1214,46,284,390,11
694,1692,316,119,82,1824,1371,28,497,67663,16160,43723,27,239,353,958,14,134,165,23
505,1711,265,99,96,1751,972,34,430,133737,14346,25233,27,337,494,919,13,464,346,17
1031,1376,275,129,49,1725,1596,6,83,147626,15702,19701,8,470,413,1655,41,481,443,0
1565,1934,391,56,64,1191,1038,28,370,130415,18555,42513,21,201,179,1059,42,248,52,30
1561,1783,496,111,95,912,1140,43,372,83671,24568,34021,6,115,290,1264,44,191,143,20
1745,858,240,134,80,1971,1231,7,147,171218,36598,15559,27,246,453,1073,35,427,224,12
912,1958,229,147,48,1767,971,47,407,60864,45768,24794,28,495,448,1318,25,424,419,33
1754,588,352,67,35,742,965,29,105,162455,19186,49377,38,100,276,1958,29,391,487,11
895,1927,359,83,90,1690,1650,38,312,79454,40872,12987,10,444,343,994,48,281,303,6
1759,1780,152,81,57,1898,627,6,234,108562,35113,27482,49,156,444,1881,41,277,154,11
1387,1839,233,73,56,1545,1676,13,333,157907,19920,12280,32,254,229,1534,24,261,333,19
1932,978,427,98,37,569,711,34,401,59931,17901,47218,16,211,353,1482,46,471,222,40
1146,1050,371,88,66,642,1913,14,111,190664,13977,45923,26,172,254,1786,12,339,397,24
807,1884,340,81,99,521,1776,27,484,149806,44737,49773,41,438,487,610,22,432,65,10
852,674,381,111,30,835,1813,6,496,174070,38905,43945,31,156,332,1242,3,190,53,5
651,1145,134,126,37,845,1562,44,330,77929,22497,32638,18,246,371,638,20,427,85,44
1975,829,182,112,67,868,1945,22,151,103374,34263,46127,0,215,325,756,36,438,474,40
611,1434,409,134,71,1812,688,30,394,73394,40689,10462,17,330,155,894,39,396,468,10
1923,1118,420,129,32,994,1905,46,425,70066,16352,37508,0,285,301,521,21,149,219,7
680,805,204,94,88,1080,747,3,145,191511,30617,14275,29,304,158,1513,29,121,341,41
860,855,489,64,75,1242,979,27,427,135724,31545,25297,45,404,221,1860,19,395,294,35
876,1517,398,130,57,1769,1983,4,165,155386,23802,36594,34,475,238,616,47,293,362,0
884,855,265,127,23,1870,837,45,79,170125,12139,25801,6,253,137,1096,46,341,326,19
1238,1531,499,96,89,580,1281,3,108,122601,32239,16525,17,268,241,771,35,336,437,36
995,1093,109,94,58,906,1632,3,156,160852,19428,18032,10,94,212,1055,18,292,291,9
958,1693,131,119,64,613,1096,47,357,157688,13311,27044,29,261,306,1088,30,314,116,34
1620,696,391,129,85,753,1054,33,127,192705,24432,29060,22,196,341,1765,32,381,464,32
1326,1987,174,143,38,1836,839,19,282,160483,18056,49793,29,293,388,997,5,164,418,2
1425,1938,279,64,37,1800,1725,48,129,158465,21385,29716,28,488,267,547,3,165,200,35
1432,531,103,56,55,1852,1481,11,147,124456,39115,21970,44,54,392,1911,41,305,410,42
843,1444,334,134,40,1874,1995,41,137,91999,15294,33791,16,347,282,585,29,119,271,28
1301,1070,122,140,82,578,930,38,65,61050,39034,47644,12,415,155,1653,11,430,178,45
863,1435,468,86,34,694,1920,22,109,67735,10840,36040,12,154,378,1926,16,341,148,10
1892,1783,154,81,33,894,939,16,82,79104,40139,12548,39,275,281,844,22,404,379,32
1837,1937,442,91,76,1015,1936,45,269,155024,49773,12605,35,249,306,725,31,467,479,0
576,1872,376,144,31,1255,549,5,60,83673,37595,30775,2,334,442,1169,3,245,265,20
1619,640,208,114,93,1870,667,43,431,146327,44275,34621,0,303,264,1076,11,442,161,18
1919,1618,432,94,23,1149,1426,38,435,90163,28471,48925,18,120,214,1004,27,498,315,17
1296,587,459,141,90,1672,1495,9,187,57822,26916,23660,3,444,266,1710,6,124,282,35
773,894,321,129,67,1757,821,38,237,114159,17870,31814,17,487,321,1271,40,249,119,13
945,643,419,126,69,1352,939,44,147,128967,19604,18329,4,281,196,842,16,235,146,34
1582,1456,320,66,68,1522,1515,21,455,128032,25818,33763,29,119,443,868,3,267,313,16
828,966,132,145,74,707,880,8,178,122657,27698,12855,26,385,148,1500,44,309,95,49
550,1142,363,88,45,1593,778,15,147,194154,45514,41437,34,253,160,568,15,221,499,22
622,842,436,133,84,1914,1153,16,359,192319,47556,24139,49,165,339,1793,11,366,400,3
572,1491,290,114,32,1892,1022,26,58,118412,24304,36478,31,170,491,514,35,407,233,8
1398,1972,345,80,80,535,922,33,369,121732,15798,45233,49,375,111,1315,41,293,258,42
841,1772,355,143,59,1472,651,39,361,53813,24701,45672,36,341,454,1819,0,272,420,34
1479,527,349,57,26,1200,695,1,109,149307,10815,32142,39,69,174,1683,49,209,135,20
875,1510,148,142,69,820,629,11,216,87012,44114,23355,23,429,244,920,29,254,428,23
1078,1615,192,80,33,1896,767,25,284,57153,39919,36134,13,432,269,1536,5,462,250,35
1317,1321,266,83,41,1778,1262,1,459,152313,13712,20304,2,172,216,686,0,153,62,34
1594,837,274,88,84,698,1022,3,358,159379,16009,10813,46,254,265,567,44,291,262,17
562,609,324,85,68,1713,911,44,159,117149,47964,34913,49,144,153,974,34,387,196,44
1971,1823,124,136,71,1473,1131,13,228,55277,36589,36008,27,361,104,1780,33,396,213,46
1169,1029,439,65,24,1915,1662,19,259,139839,28960,42893,31,365,332,587,3,405,362,44
1926,848,265,130,72,1269,1780,18,254,177528,16115,18629,22,236,326,756,49,416,465,17
693,1402,357,73,94,1141,931,46,492,67002,20055,10597,11,438,362,529,29,394,258,32
698,1961,175,122,23,1762,1376,39,250,140700,12612,40190,26,61,271,905,5,252,278,47
1280,580,375,60,26,1097,1637,28,400,197888,49909,14878,33,244,182,1199,47,477,467,23
1099,959,432,126,63,1904,1480,37,88,164744,11112,21814,42,82,249,905,42,323,236,40
814,819,310,72,26,1728,1633,39,233,117528,29977,48825,8,79,379,1117,28,247,380,27
1943,841,343,95,66,1899,1843,49,293,84639,33644,13999,9,486,417,1208,14,342,177,35
1833,1990,365,58,64,1744,1762,27,380,77129,31361,17623,36,416,260,1582,16,353,323,4
1945,1066,151,117,73,1796,800,16,367,85103,44722,46536,33,168,170,1842,31,396,57,23
1326,1523,475,59,37,1919,1583,46,157,123433,41690,48989,45,484,370,1019,15,309,188,16
1874,1157,239,70,86,1534,819,34,454,122433,14792,38740,35,353,152,1163,28,180,388,46
1714,1929,101,101,46,1711,1088,0,367,129807,15616,21427,25,78,217,1271,35,113,185,47
1126,1232,111,62,54,1501,982,27,371,117930,15528,46514,11,467,355,1202,8,213,220,27
1467,1227,128,146,77,1047,1617,12,168,198315,24857,12145,43,109,299,1523,22,389,63,41
1304,1274,478,129,99,1690,791,11,344,195783,33753,37424,36,453,474,580,25,362,163,18
501,1394,242,139,81,1826,1753,24,414,91740,46954,47373,8,290,422,1575,33,334,70,48
781,1414,158,69,21,1023,1160,24,312,83480,31393,18024,3,289,242,628,2,420,270,38
1888,1452,206,74,96,556,895,32,296,195975,27640,21924,17,442,393,1328,25,182,136,14
1015,1735,334,60,28,1359,1470,49,201,163064,21455,11145,6,407,225,1037,11,388,187,34
1940,836,105,66,67,1672,1511,30,66,88198,23813,18918,41,329,240,697,31,234,113,8
908,1083,395,113,97,1086,1014,1,98,91864,16666,32158,8,339,243,1865,35,297,133,12
1045,1801,316,70,92,1470,1276,2,484,87114,44983,30617,0,428,243,1333,43,425,147,7
1192,1807,353,100,51,1627,557,41,236,120538,45062,31734,46,142,472,983,17,211,70,45
537,1349,479,61,79,1752,742,22,99,125356,41989,36522,19,292,293,1875,13,393,144,3
995,1061,184,51,96,550,1379,47,395,101752,39180,49001,16,423,245,1222,39,428,256,16
1126,1398,325,129,72,1759,1691,0,270,141760,41295,43171,12,292,452,1415,11,335,496,40
1802,636,159,123,61,1240,821,7,366,106853,23447,11577,1,392,158,1229,13,144,469,23
936,1244,125,133,71,778,1537,45,100,74490,19959,38480,22,295,387,1188,28,474,292,17
1478,1025,251,110,46,1175,872,33,489,139762,10857,28584,5,497,368,1107,0,486,68,35
1509,1051,440,106,82,685,1962,1,80,95554,22816,40747,39,117,458,1856,49,214,183,47
1251,1534,342,61,58,1092,1930,24,112,85920,16490,13249,41,248,281,598,43,212,411,34
1453,1711,226,139,34,1108,1125,18,81,74735,16595,35212,19,419,117,586,39,427,280,37
662,1719,183,66,26,501,738,14,134,58482,47782,40629,49,227,185,1988,37,461,131,11
1643,1292,299,54,92,1533,1638,43,196,124931,15915,48899,29,213,296,1476,37,449,187,43
1441,1585,431,126,46,1408,1609,10,277,160166,47022,16757,41,314,228,860,45,260,407,11
1985,1693,109,91,44,1199,719,19,446,142631,32144,12781,38,463,447,1449,9,479,167,34
1611,1998,115,63,29,791,1834,32,105,130798,45124,22167,44,329,296,1999,5,415,405,33
1630,1610,375,98,61,1222,1726,23,376,134941,17319,42464,29,350,383,1319,24,228,327,6
1255,1882,350,77,99,1216,1517,30,191,171605,25792,25081,34,432,464,1660,31,249,320,27
747,1983,115,147,54,507,1861,41,388,184662,17176,27295,45,312,295,1525,17,185,163,24
952,660,371,59,32,1334,1190,37,462,122092,40165,10939,25,463,228,860,24,320,310,7
783,1378,312,68,53,1681,1852,15,445,112534,48618,45983,45,448,341,1922,5,151,480,4
1990,1713,366,70,53,1711,792,30,378,130323,29592,16557,11,269,428,919,28,354,399,19
1096,832,187,56,60,1618,1622,42,79,180472,17360,37962,12,79,153,1955,23,253,81,36
1022,807,473,115,82,1708,563,47,103,179100,41414,24562,17,94,342,667,25,389,299,31
1565,664,130,105,56,787,1154,4,381,55715,13553,44381,34,428,491,806,15,298,191,15
798,1523,132,68,63,1094,738,24,74,76673,11220,22170,3,53,284,1477,4,290,429,21
1640,1702,324,146,98,1977,1978,31,126,105900,16964,17002,31,425,352,1543,0,344,76,40
654,1523,154,100,67,800,1238,4,153,144315,20342,21763,13,242,289,1401,49,485,435,40
854,883,489,145,32,1147,1535,16,122,172938,31923,33295,42,281,488,1102,34,403,446,42
645,1843,273,110,35,509,1836,36,51,124263,14759,14985,5,141,403,636,27,350,332,0
944,1573,335,140,81,741,1750,8,390,186410,30698,46915,11,313,280,681,3,471,65,43
1354,1411,185,140,34,1907,726,21,387,74755,41503,13707,41,248,425,1306,47,113,97,13
1254,1301,299,56,85,1222,600,38,430,82772,28405,10913,16,408,230,1168,47,202,384,22
926,1906,322,83,68,770,1888,40,248,188454,48656,25132,35,222,420,1496,38,467,489,31
1409,766,383,121,49,659,547,3,361,106260,41778,19490,15,381,245,1805,8,371,205,25
1220,518,344,130,96,1374,1569,11,99,89402,48828,26874,30,439,148,826,4,172,355,14
1820,1350,309,116,78,1270,1547,16,429,121867,20687,44264,5,495,254,1184,28,401,387,29
1188,1220,232,56,94,508,674,37,102,159504,43821,45922,5,397,446,1887,20,188,212,39
1900,1492,359,101,39,1074,1850,1,108,117999,23009,46935,15,215,273,572,27,311,363,16
1710,1908,106,98,70,1822,781,40,251,166809,27121,42456,20,447,255,1067,15,314,162,44
1810,847,224,137,48,996,1905,13,408,122344,30216,35128,0,181,319,1231,11,497,67,46
1552,659,391,103,79,638,1709,41,128,155873,27575,16087,36,144,392,665,45,279,409,4
1266,1789,386,136,46,511,1248,47,86,143608,36826,35617,2,130,486,1488,22,374,214,32
555,888,477,54,73,1559,1886,8,175,98739,30133,23545,6,480,356,1921,41,296,332,5
996,1262,116,89,38,1970,1787,42,326,199571,41865,41017,32,67,440,1750,32,214,228,39
831,524,481,135,91,1597,1969,37,424,97082,38697,26289,47,162,246,1943,10,380,309,0
1641,1623,219,108,64,707,1838,41,169,75161,28104,12922,46,481,170,1327,21,393,190,9
1961,835,316,89,23,1040,1267,22,57,197047,48532,10293,20,414,176,1042,22,447,392,45
1005,1020,432,129,29,1190,1377,23,224,191364,42779,11286,7,191,207,1847,19,158,116,40
1372,1623,353,91,32,1570,1465,37,151,193189,35281,27742,47,113,275,993,29,425,412,32
1339,1228,449,78,79,1829,1731,32,222,141204,39980,32649,28,182,194,1149,22,293,358,10
1436,1192,399,95,90,609,850,1,237,62661,24778,24389,20,184,157,1029,30,313,311,0
806,987,312,134,75,1197,1274,41,337,55362,30688,21445,19,61,165,1887,31,179,298,34
1186,877,485,94,98,1279,1734,9,225,140666,31359,27371,0,366,225,1245,44,265,224,33
1853,1218,309,145,35,552,1898,27,315,63342,37718,27068,20,392,408,1696,29,334,283,20
1291,1688,188,118,58,1779,1435,6,358,111587,23505,18215,48,336,421,1977,31,148,331,49
1158,659,274,146,98,697,1280,9,414,159453,42123,11411,19,126,483,1929,15,416,61,25
1234,1500,307,102,93,1305,1916,46,313,109141,49213,11330,47,194,187,1139,13,486,108,24
672,1730,313,139,55,963,551,41,308,92156,16102,47410,6,287,456,692,6,439,329,9
761,1842,277,118,20,880,511,13,364,184511,48291,25380,4,189,469,810,43,188,440,17
1723,1437,189,57,57,1874,1680,28,120,116415,48874,31728,1,455,207,1325,13,200,211,38
1430,1593,252,96,60,1433,1933,32,378,195119,13383,27777,49,195,465,1152,6,483,87,29
1226,1506,237,98,24,1409,799,2,272,91853,38486,41783,43,80,258,809,36,281,308,45
551,1236,129,77,54,1472,1382,32,391,84583,36986,44249,22,434,382,1358,0,399,193,0
1041,1071,347,58,58,601,1443,36,282,76678,49356,41638,34,199,140,1918,46,117,113,11
602,871,343,137,51,1020,1039,19,61,103826,13785,47926,28,114,103,1662,6,172,325,27
1270,1855,423,137,58,837,662,25,379,159456,33666,36425,27,372,198,776,24,127,98,35
836,512,476,75,64,1265,610,25,271,123042,18493,26723,24,309,188,1198,41,210,355,34
1700,1036,273,100,89,556,1758,40,216,158422,38316,33303,4,454,468,1511,22,258,309,1
1721,1236,177,145,78,967,1731,47,95,83521,21960,38273,45,120,436,948,32,175,211,19
1948,1165,348,71,92,1842,1331,36,479,165140,35700,44483,20,64,141,1835,23,199,407,17
841,949,434,92,26,552,1090,34,276,184316,43395,10193,40,175,178,1163,45,396,388,28
1081,762,297,86,97,1959,1291,40,128,139888,21071,44222,12,224,302,1964,36,115,269,10
1853,1376,464,92,74,722,632,49,162,67551,13746,14259,41,253,185,1128,1,124,72,44
564,1547,249,134,46,1048,900,40,234,123307,27347,12451,27,224,293,741,47,363,278,5
1075,1457,327,58,34,1945,1881,25,268,155971,38881,15188,41,156,153,1061,40,255,78,31
1349,1160,186,126,29,1240,1395,46,378,154735,21327,42283,20,116,179,1170,8,197,431,7
1168,1882,338,146,86,628,1153,49,384,164637,18946,41404,44,331,423,1411,28,148,323,7
1937,1669,136,84,99,1469,1350,7,305,191108,33168,27114,26,369,461,695,44,324,254,7
1311,1785,330,59,42,1639,804,36,247,157470,32749,43494,32,228,490,676,43,296,70,16
1092,1872,115,147,20,1237,716,18,404,91473,11585,31030,32,461,466,1404,0,481,56,25
525,1612,178,116,75,1390,1568,25,251,85454,17123,14920,38,450,229,704,45,433,411,34
1249,1502,469,135,65,758,1533,40,492,184766,45152,22410,41,374,410,1871,36,210,80,16
867,1760,155,148,28,1520,1958,21,125,147559,31419,22258,25,234,497,799,20,367,486,29
1016,1195,282,135,66,1193,927,48,184,112953,12214,28945,26,459,356,713,23,263,249,28
882,812,229,73,79,1653,895,30,328,154886,10052,43356,5,448,131,1846,32,356,482,37
1043,669,109,90,82,940,794,40,370,81936,23049,44361,28,168,186,1448,41,241,135,40
1692,708,113,137,75,1444,1861,27,351,178188,15243,39896,30,346,253,1430,16,432,191,20
901,1957,320,135,70,1591,701,30,435,193214,10199,24467,7,167,399,1595,46,142,93,0
673,1554,399,133,44,1365,1344,22,324,105668,37263,27984,29,165,158,809,13,166,271,14
1352,744,224,87,29,1945,1964,7,88,51894,22755,34928,10,118,116,1818,6,315,362,15
773,1893,362,115,71,702,1231,22,447,137301,31537,15315,32,112,435,1642,13,495,128,40
732,851,432,108,53,1604,1659,25,414,108932,47069,22918,41,140,216,594,44,428,281,11
1205,541,226,102,90,1707,1289,29,62,130595,26598,16297,28,391,449,634,23,146,122,17
985,1606,469,80,26,734,1808,3,280,113389,18537,24100,44,129,119,1805,42,384,112,34
1682,903,383,107,43,1883,1339,41,93,181883,48721,12573,40,78,273,1931,49,197,280,49
562,1845,171,64,96,554,1523,38,115,174314,33733,42280,4,288,426,1961,36,219,173,14
1260,1590,449,85,61,1846,1233,24,203,191607,48202,27576,41,465,255,822,32,220,57,20
1776,876,439,113,29,1612,1030,35,299,117732,49166,35036,12,388,277,1312,13,347,217,2
738,690,289,87,70,1880,1669,48,388,128121,21363,27707,8,226,392,976,33,152,227,30
1237,1429,482,120,38,819,1612,1,457,108946,21871,39070,43,166,139,893,27,441,320,2
787,1576,387,98,35,1029,859,9,335,197369,43883,46969,20,275,299,669,16,336,67,11
1347,1443,468,108,21,1204,1367,48,270,187883,43916,33689,48,392,322,1916,17,212,100,14
791,1947,133,88,53,1365,1953,31,205,124746,34978,28797,1,361,217,1987,16,131,258,5
1492,1170,220,66,50,628,1012,17,58,122949,34632,38330,1,246,338,821,34,468,448,0
1983,956,332,76,28,646,1207,38,338,182450,36730,16866,49,169,255,905,46,270,365,25
1132,1717,197,56,72,1866,1729,23,158,82894,31855,18531,41,327,413,1237,32,147,323,49
680,821,100,142,87,1412,1895,47,162,122858,49240,37795,21,230,303,1891,23,410,190,46
763,979,274,138,62,621,1045,13,341,89815,33899,31465,39,485,414,1997,30,253,348,48
947,1863,257,54,32,1423,1276,34,237,104179,19679,45503,48,309,268,1665,18,158,229,49
1342,931,357,125,29,1556,1804,0,497,158315,49648,30882,41,132,185,1620,26,469,229,18
932,573,113,81,44,954,558,1,256,66778,34191,24409,29,78,243,595,37,169,258,3
767,1441,478,63,99,1757,1076,4,167,165411,10831,12269,2,236,402,1207,11,441,248,24
1065,790,354,80,52,742,844,42,448,167346,14881,24856,1,329,228,976,23,407,376,36
675,1719,422,134,83,1802,1855,4,100,81481,27482,33117,42,160,477,1065,29,110,230,31
1913,698,165,69,23,1099,1151,43,374,141074,45502,17456,31,93,422,1717,49,277,315,38
977,1461,386,114,60,675,1633,36,425,67751,49175,45014,33,484,366,795,34,452,75,38
1743,1303,247,135,83,1258,831,16,354,71865,34813,42941,38,69,242,1353,9,205,300,34
587,582,300,120,81,1722,598,30,249,141313,48258,27309,44,421,470,1705,48,489,85,36
650,568,109,51,89,1604,1538,12,145,96659,14367,23318,28,86,282,1824,8,302,256,27
1157,946,244,119,28,645,1332,4,266,195094,18140,26193,41,65,337,687,23,238,255,7
806,1954,222,121,39,922,1608,5,381,93847,17947,18033,40,207,333,504,14,273,65,47
689,844,463,83,20,1933,1891,6,322,93606,21570,42061,3,325,420,1651,20,214,139,8
1237,967,202,75,29,868,1455,21,309,106159,42731,45707,36,59,447,1173,7,110,442,28
1454,1732,251,94,23,729,1879,33,369,97476,23450,17864,39,247,182,547,18,468,440,13
667,564,259,102,77,1490,1280,31,274,182080,40323,45809,25,184,349,886,36,365,409,25
1142,1790,263,97,44,838,1571,29,313,96355,26576,47374,25,393,153,1539,18,390,365,12
1194,1707,488,131,76,1144,788,31,80,106752,46791,15632,24,391,383,841,49,497,433,3
1069,1553,196,105,21,1324,1894,11,156,169868,27799,16535,37,335,201,1709,43,330,446,33
962,921,377,77,96,1822,686,27,122,69585,49149,24767,17,159,345,1101,13,347,119,41
1474,742,448,72,75,1529,1116,6,96,161190,26368,25635,2,458,406,1700,24,144,283,0
1712,1499,167,80,30,834,1289,45,454,60908,34518,21877,3,104,270,1689,31,290,338,15
1703,1082,102,58,67,830,1754,20,195,50714,13117,42489,19,484,217,1441,33,159,255,14
537,1994,459,51,45,1295,735,39,241,91614,38500,24202,43,403,488,1044,10,480,375,26
602,1693,401,139,65,1483,1651,15,175,98947,14997,18093,5,357,125,1692,9,117,319,39
1988,1177,112,54,69,1633,1993,31,177,128912,19482,38589,30,185,451,1294,41,326,58,29
849,983,175,143,35,1022,999,6,462,147273,41603,24412,42,53,119,1805,42,242,57,29
1826,1502,265,119,55,1137,1013,18,397,199746,35050,42990,25,411,240,727,11,481,435,45
629,1737,203,105,53,1141,1950,10,169,186050,10844,23769,9,229,465,1711,31,341,193,18
1237,514,401,139,23,749,869,21,94,143108,42323,47047,46,219,210,1016,38,241,201,48
1319,1003,113,86,85,980,1861,6,346,187923,44840,41358,26,291,496,1244,30,264,256,35
1260,1480,344,131,48,1446,1719,8,245,110784,28305,44212,0,272,479,1129,8,284,274,47
1468,1830,119,63,82,1172,1374,9,234,67083,42779,13307,32,52,451,1437,12,332,372,0
646,1897,264,93,26,1265,524,40,324,87954,38919,45990,39,195,324,1595,6,223,205,32
947,1889,214,55,84,1994,956,23,156,119030,43798,16475,45,94,338,1934,11,429,400,45
762,1482,250,99,48,1897,849,48,254,162719,19411,41198,0,282,440,1930,41,372,88,47
1234,967,205,74,54,1904,957,2,199,126161,40965,34980,48,291,413,625,43,243,240,40
1472,1850,247,77,57,510,1228,48,382,100453,28879,34336,11,403,431,1996,7,300,284,25
1948,828,116,110,59,1322,737,34,314,95970,24594,18758,48,332,247,628,17,369,173,15
1191,600,366,146,23,1604,537,44,158,109076,18111,35270,23,372,114,1200,26,467,65,32
1181,934,378,119,32,1506,651,46,165,137509,24397,41034,16,179,433,1394,37,231,340,38
530,1628,382,71,94,1233,670,49,266,83832,19557,43678,40,456,284,1144,45,305,344,31
684,909,246,114,72,930,901,16,356,184914,24254,28467,33,422,287,1644,21,191,163,18
673,1409,484,145,33,1938,737,14,318,167565,46848,14919,36,123,167,714,4,107,350,29
820,536,254,119,48,862,502,35,248,50029,19789,29730,23,218,488,792,20,421,417,18
1603,1346,126,103,97,540,1559,12,326,177716,21744,10158,31,51,186,1903,29,315,402,42
1636,520,251,131,63,559,1472,9,316,65616,30655,27913,38,377,207,1369,3,268,140,37
1954,759,195,105,65,1442,1935,46,476,167038,16616,46785,12,330,410,610,1,486,413,13
879,1562,476,125,62,1712,1000,41,495,84215,45178,24504,17,177,189,579,30,130,164,34
1173,1265,177,51,97,1435,1359,43,169,137189,28272,15314,26,483,435,713,16,175,452,9
1543,1701,455,89,45,614,751,35,271,147275,39526,35168,38,61,497,1560,7,439,123,45
851,1940,410,111,53,689,1445,28,436,87087,32827,36756,24,389,119,1980,14,264,124,12
1680,1572,179,98,22,705,1763,24,328,164232,41694,25599,26,303,402,958,32,407,103,38
1444,899,281,63,44,1535,1521,10,486,165732,45827,31965,16,301,415,1938,32,186,99,36
589,1613,141,73,80,595,1621,8,286,71615,13898,12861,45,110,176,1913,25,121,489,16
521,1265,226,125,88,1959,1673,9,491,58352,45295,45485,39,448,171,1899,34,342,300,41
860,1909,251,65,57,639,1235,0,432,92188,42732,16893,46,148,361,1973,42,140,109,36
1228,920,440,124,73,867,1609,23,289,185809,31415,31874,49,443,281,739,27,241,268,3
820,1122,105,85,44,1158,902,21,332,59443,25781,46583,11,376,245,1611,14,296,336,20
1733,1935,426,135,82,1958,1783,28,160,77912,24765,48766,39,88,382,1581,16,259,63,43
1054,1393,490,138,49,656,1645,6,165,175644,27882,49942,19,478,378,828,9,245,171,9
1648,1599,409,55,82,1094,758,9,103,64367,39147,34273,44,76,384,1714,8,483,434,17
1160,991,126,54,88,1970,1522,3,234,61552,38783,48042,32,286,119,865,8,185,439,6
1744,1664,389,58,24,1333,644,26,251,111756,43203,23682,17,186,100,761,22,429,207,34
1310,819,340,131,57,872,1239,28,273,73500,14074,21097,30,144,336,1304,11,497,480,49
1111,1045,257,91,45,757,841,12,386,175129,24101,38942,43,251,165,508,24,191,412,30
1484,1775,469,54,64,604,1848,33,172,52235,22009,35480,22,228,114,1213,30,478,228,13
1822,1146,493,121,27,1942,514,40,294,191336,32762,15857,18,115,398,1906,33,425,345,13
1365,1715,141,50,75,1688,1517,44,316,174483,24644,30922,41,57,349,780,16,223,125,3
805,1793,195,65,99,1202,1774,13,150,129561,29260,24775,4,58,178,640,20,136,95,41
532,828,330,89,74,1832,1742,25,286,91217,16514,38591,12,153,332,838,22,499,167,7
1625,737,177,118,64,587,1607,36,152,111036,35123,37681,49,306,339,1952,43,102,260,14
1858,1255,121,133,95,1166,1022,4,337,165675,26757,14962,28,355,487,1692,22,483,383,43
1228,1927,380,99,37,1575,1618,49,111,96825,45261,24567,14,293,469,1567,47,252,116,30
1350,641,299,60,92,914,605,2,352,120334,29901,18240,18,155,364,1687,22,120,247,3
1906,1546,228,113,68,1973,1228,23,453,135137,17914,31851,36,455,117,1842,34,181,274,20
1957,897,323,99,85,1867,1802,11,256,122801,12674,22782,47,314,177,693,12,290,99,2
863,1031,419,66,62,1059,1878,26,324,67407,36990,46856,15,495,288,1298,47,374,413,44
1805,1979,396,135,29,1566,711,19,63,123208,40647,27587,10,305,498,1778,22,371,261,10
1103,669,173,140,28,1413,1741,37,356,119289,13611,19939,15,251,157,1133,39,390,435,48
1569,1105,388,111,81,984,593,8,229,57035,23351,13042,15,87,235,1520,24,367,498,3
1836,1325,426,145,64,1881,1891,3,191,185856,33145,41227,4,119,259,1263,26,183,305,32
1067,1778,196,76,51,1422,1187,39,146,186842,44716,49241,29,362,159,508,3,336,206,3
1787,1594,389,88,54,587,690,3,197,143256,17692,44325,33,364,170,1453,13,377,90,2
1543,872,366,106,64,1465,1657,2,163,170149,26052,30877,42,139,158,603,23,208,116,15
1165,1091,499,88,27,1689,1485,46,165,193379,47675,46642,44,260,218,1923,17,358,87,45
746,1623,339,56,52,1047,1216,7,263,108106,32977,29945,40,469,286,967,4,435,288,30
741,1679,160,135,66,696,1599,10,447,109897,40474,30022,48,75,474,813,43,165,339,21
1221,1562,155,127,86,1885,1182,14,493,151203,41998,26563,17,146,238,889,28,310,430,26
850,1099,301,95,67,1572,713,33,481,110901,44217,21160,43,101,296,1203,8,131,471,40
1404,916,247,60,83,1607,833,43,107,175239,38075,14761,15,80,493,948,7,159,311,13
1614,1220,165,112,77,887,1122,40,495,83954,37089,23597,4,332,262,1972,35,395,163,8
816,968,266,90,52,1744,947,49,414,90566,40915,30997,26,282,262,988,12,293,422,46
1453,1919,208,140,63,1217,648,27,185,163116,21345,24616,32,281,134,978,13,436,121,13
502,575,431,91,30,1810,554,0,90,135882,43107,25455,19,412,135,1271,46,120,443,29
741,1046,133,82,65,1266,645,21,445,88976,40685,29874,34,151,119,1921,20,130,152,9
527,1141,330,115,23,966,1302,37,195,110622,12074,39562,7,347,255,960,42,269,331,13
993,575,466,75,93,804,1470,32,359,168867,22661,18062,10,316,121,1001,8,249,414,6
777,1972,216,107,44,783,1094,20,443,76959,23838,34444,11,374,197,1285,7,382,315,5
1900,960,485,123,43,1173,851,4,425,169758,36526,21641,32,404,145,1477,33,322,288,2
857,502,396,84,84,1950,568,20,365,56636,33529,39256,13,89,490,520,17,311,331,3
1373,833,254,76,42,1758,1062,18,101,192830,32976,42772,15,57,251,1321,6,102,308,35
787,1536,309,123,46,777,1294,10,76,189094,12233,33785,24,353,314,566,18,260,408,24
552,1875,329,96,82,1346,597,16,251,83082,41220,10227,8,456,139,1662,46,126,414,1
698,1899,451,116,88,1282,1929,43,200,54931,17057,44857,21,478,246,1371,49,393,392,44
608,1610,232,82,65,862,1128,6,213,73073,21954,41956,38,476,229,1528,20,295,191,23
1168,1889,257,105,75,1513,707,35,494,175471,49590,42890,43,466,445,1634,43,464,266,29
